image_path,width,height,channel_info,img_avg_red,img_avg_green,img_avg_blue
./img_data/kirmizi 680.jpg,600,600,3,26.872641666666656,25.172472222222225,24.834805555555548
./img_data/kirmizi 986.jpg,600,600,3,55.43472777777781,53.1723138888889,50.26381666666666
./img_data/kirmizi 1000.jpg,600,600,3,47.494777777777756,45.01783888888885,39.94830277777778
./img_data/kirmizi 1001.jpg,600,600,3,51.24463611111111,49.76854444444446,47.02442222222219
./img_data/kirmizi 1002.jpg,600,600,3,35.940480555555574,33.95988888888891,30.202313888888888
./img_data/kirmizi 1003.jpg,600,600,3,43.2741388888889,40.116580555555565,36.7689888888889
./img_data/kirmizi 1004.jpg,600,600,3,56.08395277777781,52.25402777777774,50.302677777777795
./img_data/kirmizi 1005.jpg,600,600,3,53.06582222222222,53.454047222222236,51.83847500000002
./img_data/kirmizi 1006.jpg,600,600,3,51.38995555555555,48.191991666666674,46.517963888888865
./img_data/kirmizi 1007.jpg,600,600,3,38.65353888888887,35.255238888888904,33.31953333333334
./img_data/kirmizi 1008.jpg,600,600,3,44.30685833333336,42.0312777777778,39.24379444444444
./img_data/kirmizi 1009.jpg,600,600,3,44.31904444444443,42.278741666666654,39.3708
./img_data/kirmizi 1010.jpg,600,600,3,50.872175000000006,48.913922222222226,45.298333333333325
./img_data/kirmizi 1011.jpg,600,600,3,42.52314444444446,40.60669444444442,37.53115833333335
./img_data/kirmizi 1012.jpg,600,600,3,51.99465277777778,49.013141666666684,44.00080555555554
./img_data/kirmizi 1013.jpg,600,600,3,55.09511944444443,52.340666666666635,49.35259166666664
./img_data/kirmizi 1014.jpg,600,600,3,41.11908055555557,38.73594444444443,35.46108611111107
./img_data/kirmizi 1015.jpg,600,600,3,44.069386111111136,41.79720555555555,36.13178611111115
./img_data/kirmizi 1017.jpg,600,600,3,39.080863888888906,36.24853055555556,35.080400000000004
./img_data/kirmizi 1018.jpg,600,600,3,42.67365555555555,39.470775,38.14552500000002
./img_data/kirmizi 1019.jpg,600,600,3,55.13121666666668,52.60708055555558,48.30779444444442
./img_data/kirmizi 1020.jpg,600,600,3,45.54184166666669,42.43061944444446,37.023258333333324
./img_data/kirmizi 1021.jpg,600,600,3,35.21646111111108,33.56695277777779,31.650313888888867
./img_data/kirmizi 1022.jpg,600,600,3,46.474152777777796,43.98181388888884,39.885747222222214
./img_data/kirmizi 1023.jpg,600,600,3,53.449047222222234,51.15098055555553,47.10847499999999
./img_data/kirmizi 1024.jpg,600,600,3,56.602858333333316,54.023275,48.922188888888854
./img_data/kirmizi 1025.jpg,600,600,3,42.71823055555552,41.264938888888864,38.56587499999996
./img_data/kirmizi 1026.jpg,600,600,3,43.7606777777778,41.53738055555557,39.427927777777796
./img_data/kirmizi 1027.jpg,600,600,3,51.648919444444466,49.90670555555551,47.01634166666664
./img_data/kirmizi 1028.jpg,600,600,3,45.9194388888889,42.46048055555551,34.37228055555555
./img_data/kirmizi 1029.jpg,600,600,3,50.63529166666667,48.78389166666664,44.87937777777775
./img_data/kirmizi 1030.jpg,600,600,3,46.51623888888891,43.03746666666668,40.767624999999995
./img_data/kirmizi 1031.jpg,600,600,3,39.96205555555555,37.33497500000001,35.28522499999997
./img_data/kirmizi 1032.jpg,600,600,3,42.77740555555557,40.08538888888887,38.04996944444446
./img_data/kirmizi 1034.jpg,600,600,3,38.76771388888889,36.288597222222236,32.90025833333333
./img_data/kirmizi 1035.jpg,600,600,3,52.37753611111109,50.15103888888889,45.794844444444436
./img_data/kirmizi 1036.jpg,600,600,3,48.601225000000014,46.12585555555554,43.94483611111114
./img_data/kirmizi 1037.jpg,600,600,3,41.751558333333314,39.35470833333335,37.127911111111125
./img_data/kirmizi 1038.jpg,600,600,3,53.91000555555556,51.357052777777774,48.98125555555555
./img_data/kirmizi 1039.jpg,600,600,3,44.60697500000002,42.424558333333344,38.42233055555555
./img_data/kirmizi 1040.jpg,600,600,3,44.52244444444447,42.0834138888889,40.8796583333333
./img_data/kirmizi 1041.jpg,600,600,3,50.97858611111111,50.28636666666669,47.25865277777779
./img_data/kirmizi 1042.jpg,600,600,3,36.95057222222223,35.1217638888889,33.278766666666655
./img_data/kirmizi 1043.jpg,600,600,3,32.14550277777775,29.662808333333352,28.07989444444446
./img_data/kirmizi 1044.jpg,600,600,3,41.79035000000001,39.79148611111112,37.410508333333325
./img_data/kirmizi 1045.jpg,600,600,3,44.7477027777778,42.59901388888888,40.781900000000014
./img_data/kirmizi 1046.jpg,600,600,3,42.22077222222224,40.297330555555575,37.15350833333333
./img_data/kirmizi 1047.jpg,600,600,3,36.66642222222224,35.34088611111109,33.927805555555544
./img_data/kirmizi 1048.jpg,600,600,3,49.30680555555557,47.7540111111111,44.83774444444443
./img_data/kirmizi 1049.jpg,600,600,3,36.708091666666654,34.64779722222223,33.18994999999998
./img_data/kirmizi 1051.jpg,600,600,3,54.498944444444454,52.98292222222217,49.56563333333332
./img_data/kirmizi 1052.jpg,600,600,3,42.19157777777778,40.209805555555555,35.44866388888888
./img_data/kirmizi 1053.jpg,600,600,3,43.85624722222226,41.51669722222224,37.6114333333333
./img_data/kirmizi 1054.jpg,600,600,3,45.133069444444445,42.92623611111115,38.32633888888887
./img_data/kirmizi 1055.jpg,600,600,3,46.944916666666686,45.544402777777805,42.74919166666667
./img_data/kirmizi 1056.jpg,600,600,3,43.57981944444445,41.24638611111113,39.802558333333344
./img_data/kirmizi 1057.jpg,600,600,3,46.27939444444448,43.64973611111112,40.17643333333335
./img_data/kirmizi 1058.jpg,600,600,3,46.99991944444441,45.21079444444447,42.042730555555565
./img_data/kirmizi 1059.jpg,600,600,3,50.07018611111109,47.69019722222221,42.83933333333334
./img_data/kirmizi 1060.jpg,600,600,3,48.65007777777776,45.15610277777779,40.78885555555557
./img_data/kirmizi 1061.jpg,600,600,3,47.3796916666667,46.11447777777776,43.97995000000002
./img_data/kirmizi 1062.jpg,600,600,3,43.14585833333335,40.42151666666666,36.84638611111109
./img_data/kirmizi 1063.jpg,600,600,3,44.21377777777779,42.49028055555555,39.661822222222234
./img_data/kirmizi 1064.jpg,600,600,3,50.62328333333333,48.259083333333315,45.143013888888895
./img_data/kirmizi 1065.jpg,600,600,3,43.467344444444464,39.89798611111111,33.595708333333334
./img_data/kirmizi 1066.jpg,600,600,3,50.1347722222222,47.335841666666695,43.06570277777783
./img_data/kirmizi 1016.jpg,600,600,3,50.60660000000001,47.81625555555556,45.078994444444426
./img_data/kirmizi 1033.jpg,600,600,3,44.799516666666705,42.99877777777778,41.62026666666668
./img_data/kirmizi 1050.jpg,600,600,3,37.01775,35.6794611111111,32.9125888888889
./img_data/kirmizi 1067.jpg,600,600,3,47.60525833333332,44.22760277777778,38.39120277777777
./img_data/kirmizi 1084.jpg,600,600,3,38.528422222222204,35.65488333333334,36.63296388888886
./img_data/kirmizi 1101.jpg,600,600,3,38.57119722222222,35.81162500000001,31.317927777777744
./img_data/kirmizi 1118.jpg,600,600,3,47.04482777777779,45.556136111111115,41.39487222222223
./img_data/kirmizi 1135.jpg,600,600,3,49.498772222222264,47.20674166666667,43.0326277777778
./img_data/kirmizi 1152.jpg,600,600,3,54.369408333333325,53.702755555555555,50.42573888888889
./img_data/kirmizi 554.jpg,600,600,3,43.4115333333333,41.01010833333334,39.08331111111111
./img_data/kirmizi 572.jpg,600,600,3,59.180158333333345,56.276866666666734,52.408641666666675
./img_data/kirmizi 590.jpg,600,600,3,51.32755277777778,48.6664916666667,44.00550833333337
./img_data/kirmizi 608.jpg,600,600,3,41.96692222222222,39.40224166666669,39.189063888888896
./img_data/kirmizi 626.jpg,600,600,3,37.269975,35.45100277777777,33.32106666666666
./img_data/kirmizi 644.jpg,600,600,3,43.40302500000001,40.72068055555553,34.893374999999985
./img_data/kirmizi 662.jpg,600,600,3,37.81771944444445,34.96605555555556,31.51904166666667
./img_data/kirmizi 1068.jpg,600,600,3,43.58918611111116,41.427766666666685,39.59175833333333
./img_data/kirmizi 1069.jpg,600,600,3,46.89723333333328,44.21860000000003,42.500147222222225
./img_data/kirmizi 1070.jpg,600,600,3,51.39117777777778,48.52065833333334,42.873558333333335
./img_data/kirmizi 1071.jpg,600,600,3,38.88144999999997,36.68533055555558,34.407269444444466
./img_data/kirmizi 1072.jpg,600,600,3,41.069088888888906,38.61486944444446,36.56799444444443
./img_data/kirmizi 1073.jpg,600,600,3,45.496213888888875,43.163488888888885,39.8119472222222
./img_data/kirmizi 1074.jpg,600,600,3,47.36974166666669,44.44851666666668,41.28968888888892
./img_data/kirmizi 1075.jpg,600,600,3,56.33152777777781,53.001191666666664,48.48745277777774
./img_data/kirmizi 1076.jpg,600,600,3,41.81990555555555,39.91897500000002,35.69088888888888
./img_data/kirmizi 1077.jpg,600,600,3,38.22503333333337,35.26110833333333,33.540797222222196
./img_data/kirmizi 1078.jpg,600,600,3,53.22330833333338,50.3790277777778,47.61000277777777
./img_data/kirmizi 1079.jpg,600,600,3,42.33933333333333,41.74699444444446,40.07929722222223
./img_data/kirmizi 1080.jpg,600,600,3,45.426697222222195,43.23470833333334,40.8858611111111
./img_data/kirmizi 1081.jpg,600,600,3,52.0005277777778,48.861336111111115,43.26099444444443
./img_data/kirmizi 1082.jpg,600,600,3,47.031597222222246,44.411783333333304,41.646525000000004
./img_data/kirmizi 1083.jpg,600,600,3,45.553288888888886,43.303363888888896,41.41312777777777
./img_data/kirmizi 1085.jpg,600,600,3,47.69818611111111,45.33644444444448,41.999519444444445
./img_data/kirmizi 1086.jpg,600,600,3,49.326175000000006,47.40498055555559,44.4886027777778
./img_data/kirmizi 1087.jpg,600,600,3,40.506449999999994,38.03099999999997,33.9281138888889
./img_data/kirmizi 1088.jpg,600,600,3,52.05201111111111,49.132850000000026,46.58847777777778
./img_data/kirmizi 1089.jpg,600,600,3,25.678988888888885,24.297402777777773,23.140844444444436
./img_data/kirmizi 1090.jpg,600,600,3,42.67668333333332,40.164941666666664,37.272874999999985
./img_data/kirmizi 1091.jpg,600,600,3,33.31623333333335,30.697794444444437,28.971061111111116
./img_data/kirmizi 1092.jpg,600,600,3,49.59818611111112,47.57559444444444,46.037116666666655
./img_data/kirmizi 1093.jpg,600,600,3,55.27425555555553,53.39539444444446,51.128524999999996
./img_data/kirmizi 1094.jpg,600,600,3,37.065286111111135,34.479377777777756,32.828616666666655
./img_data/kirmizi 1095.jpg,600,600,3,47.719008333333356,46.23021944444443,43.52558055555555
./img_data/kirmizi 1096.jpg,600,600,3,50.96321944444443,48.35958611111112,43.73901666666664
./img_data/kirmizi 1097.jpg,600,600,3,49.27951388888887,48.12543333333335,44.71505555555555
./img_data/kirmizi 1098.jpg,600,600,3,43.96077222222224,40.908097222222246,39.18655277777774
./img_data/kirmizi 1099.jpg,600,600,3,51.654816666666676,49.439208333333326,46.88742222222221
./img_data/kirmizi 1100.jpg,600,600,3,51.46991944444446,50.07398333333334,48.73966944444442
./img_data/kirmizi 1102.jpg,600,600,3,55.89339166666669,54.73333055555555,50.983927777777765
./img_data/kirmizi 1103.jpg,600,600,3,39.80894722222222,38.647447222222226,37.81931666666668
./img_data/kirmizi 1104.jpg,600,600,3,44.38604444444443,42.95266388888887,40.27876388888892
./img_data/kirmizi 1105.jpg,600,600,3,44.39611388888891,42.41891944444447,39.64179444444441
./img_data/kirmizi 1106.jpg,600,600,3,48.01618333333331,46.17548611111113,44.448583333333325
./img_data/kirmizi 1107.jpg,600,600,3,44.837741666666666,41.94616388888891,37.48000555555556
./img_data/kirmizi 1108.jpg,600,600,3,38.02183888888889,37.42843611111109,36.03941388888889
./img_data/kirmizi 1109.jpg,600,600,3,43.36980277777779,41.49743611111108,37.157544444444405
./img_data/kirmizi 1110.jpg,600,600,3,58.18634166666662,55.1341083333333,50.36290555555556
./img_data/kirmizi 1111.jpg,600,600,3,45.199725,43.64485000000001,37.830916666666674
./img_data/kirmizi 1112.jpg,600,600,3,60.452269444444504,60.184616666666585,54.23809444444446
./img_data/kirmizi 1113.jpg,600,600,3,39.79260277777773,38.11654722222221,35.36138055555556
./img_data/kirmizi 1114.jpg,600,600,3,50.918741666666655,48.8484638888889,45.40149166666667
./img_data/kirmizi 1115.jpg,600,600,3,41.47046111111112,38.65002222222223,35.17588333333334
./img_data/kirmizi 1116.jpg,600,600,3,53.516547222222215,51.08668611111111,49.52004166666665
./img_data/kirmizi 1117.jpg,600,600,3,59.897958333333314,57.65965277777782,54.37935555555555
./img_data/kirmizi 1119.jpg,600,600,3,36.38351388888889,35.76524444444447,33.677288888888896
./img_data/kirmizi 1120.jpg,600,600,3,50.115288888888884,49.17114722222221,46.22565000000003
./img_data/kirmizi 1121.jpg,600,600,3,43.094752777777764,41.65453611111111,38.40518333333332
./img_data/kirmizi 1122.jpg,600,600,3,48.14229166666665,46.47290277777779,45.04646388888892
./img_data/kirmizi 1123.jpg,600,600,3,51.30299722222223,48.49007500000002,46.61205277777776
./img_data/kirmizi 1124.jpg,600,600,3,55.47643888888888,53.76636666666666,50.59444722222222
./img_data/kirmizi 1125.jpg,600,600,3,51.25314166666664,49.266841666666664,46.26444722222223
./img_data/kirmizi 1126.jpg,600,600,3,56.31851666666667,52.26780555555556,45.22460555555558
./img_data/kirmizi 1127.jpg,600,600,3,46.00137222222224,43.85413611111117,39.80077777777777
./img_data/kirmizi 1128.jpg,600,600,3,47.66934999999997,45.47159722222218,43.06477777777774
./img_data/kirmizi 1129.jpg,600,600,3,46.955825000000026,44.587252777777785,41.39269722222225
./img_data/kirmizi 1130.jpg,600,600,3,39.418219444444425,37.33588333333334,34.79839166666665
./img_data/kirmizi 1131.jpg,600,600,3,52.917027777777804,49.78493888888889,45.813127777777765
./img_data/kirmizi 1132.jpg,600,600,3,41.00635833333329,38.27256944444446,35.38608055555557
./img_data/kirmizi 1133.jpg,600,600,3,52.00472499999998,48.493677777777755,46.19502222222221
./img_data/kirmizi 1134.jpg,600,600,3,52.48946944444452,49.29509444444444,43.201122222222175
./img_data/kirmizi 1136.jpg,600,600,3,47.322127777777794,44.72176111111112,41.609205555555555
./img_data/kirmizi 1137.jpg,600,600,3,54.253561111111125,52.46691666666668,49.62778333333333
./img_data/kirmizi 1138.jpg,600,600,3,54.41408888888887,52.42535833333327,51.09720277777776
./img_data/kirmizi 1139.jpg,600,600,3,46.01592777777777,43.733652777777806,39.66852222222223
./img_data/kirmizi 1140.jpg,600,600,3,35.29644444444443,33.91514722222223,33.434183333333344
./img_data/kirmizi 1141.jpg,600,600,3,53.292961111111126,50.62368055555557,45.02082222222218
./img_data/kirmizi 1142.jpg,600,600,3,55.225497222222224,52.39478611111114,48.3024944444444
./img_data/kirmizi 1143.jpg,600,600,3,40.34868055555556,37.741605555555545,35.3873888888889
./img_data/kirmizi 1144.jpg,600,600,3,50.11424722222224,47.52120555555555,44.662877777777744
./img_data/kirmizi 1145.jpg,600,600,3,48.47376388888889,45.672161111111066,44.248
./img_data/kirmizi 1146.jpg,600,600,3,50.126027777777765,47.85149722222222,46.502877777777755
./img_data/kirmizi 1147.jpg,600,600,3,50.0469944444444,49.380538888888914,46.60701944444445
./img_data/kirmizi 1148.jpg,600,600,3,49.15371388888889,46.444116666666645,40.36930555555556
./img_data/kirmizi 1149.jpg,600,600,3,46.5069861111111,44.52894722222219,41.31345000000007
./img_data/kirmizi 1150.jpg,600,600,3,41.68223611111113,39.83475833333335,35.14347500000003
./img_data/kirmizi 1151.jpg,600,600,3,22.44485833333333,21.335688888888892,22.59705
./img_data/kirmizi 1153.jpg,600,600,3,54.67905555555557,53.18020000000002,49.70384166666669
./img_data/kirmizi 1154.jpg,600,600,3,37.49422499999998,34.98586388888889,32.89661944444445
./img_data/kirmizi 1155.jpg,600,600,3,48.60342499999997,48.276963888888886,46.58044999999999
./img_data/kirmizi 1156.jpg,600,600,3,50.9923944444445,49.89163055555555,47.48158611111112
./img_data/kirmizi 1157.jpg,600,600,3,44.68625,41.574691666666666,35.77675
./img_data/kirmizi 1158.jpg,600,600,3,44.48595277777779,42.7768694444444,40.30868888888887
./img_data/kirmizi 1159.jpg,600,600,3,47.631011111111114,47.53918611111113,45.757055555555574
./img_data/kirmizi 1160.jpg,600,600,3,18.207977777777778,17.6838,15.876000000000001
./img_data/kirmizi 1161.jpg,600,600,3,38.26124166666667,36.64200833333332,36.33134444444442
./img_data/kirmizi 1162.jpg,600,600,3,41.68819166666669,40.01948055555557,36.66277777777774
./img_data/kirmizi 1163.jpg,600,600,3,35.064411111111106,33.346055555555544,30.011394444444445
./img_data/kirmizi 1164.jpg,600,600,3,46.03424166666666,44.79304444444446,44.05328333333333
./img_data/kirmizi 1165.jpg,600,600,3,46.213783333333396,44.09113333333335,41.807919444444465
./img_data/kirmizi 1166.jpg,600,600,3,45.35000555555559,42.91688611111109,39.086652777777765
./img_data/kirmizi 1167.jpg,600,600,3,52.06826111111112,49.108533333333305,47.31216666666665
./img_data/kirmizi 552.jpg,600,600,3,42.38895,39.83504722222223,38.608922222222226
./img_data/kirmizi 553.jpg,600,600,3,60.63329444444449,58.23864444444443,53.41486944444446
./img_data/kirmizi 555.jpg,600,600,3,46.20307222222222,43.463355555555545,39.48270277777781
./img_data/kirmizi 556.jpg,600,600,3,45.72132499999997,44.3324,43.102769444444455
./img_data/kirmizi 557.jpg,600,600,3,43.244919444444456,41.958211111111126,40.465702777777786
./img_data/kirmizi 558.jpg,600,600,3,47.393533333333345,45.611199999999975,40.513516666666675
./img_data/kirmizi 559.jpg,600,600,3,52.73134166666667,49.627933333333324,44.09299166666665
./img_data/kirmizi 560.jpg,600,600,3,47.13752777777777,45.832119444444444,43.188991666666645
./img_data/kirmizi 561.jpg,600,600,3,56.70726944444443,55.97157500000004,51.64040555555558
./img_data/kirmizi 562.jpg,600,600,3,37.37514166666666,34.872533333333315,32.91337222222221
./img_data/kirmizi 563.jpg,600,600,3,48.37323055555555,45.69753333333332,41.88580833333334
./img_data/kirmizi 564.jpg,600,600,3,58.11903055555555,54.66059166666663,50.98974722222223
./img_data/kirmizi 565.jpg,600,600,3,47.5408361111111,45.113886111111135,42.4729638888889
./img_data/kirmizi 566.jpg,600,600,3,45.281844444444424,42.73220833333334,41.737005555555555
./img_data/kirmizi 567.jpg,600,600,3,41.02088611111113,38.472613888888894,33.697616666666654
./img_data/kirmizi 568.jpg,600,600,3,48.34527222222221,46.147863888888864,42.776661111111125
./img_data/kirmizi 569.jpg,600,600,3,51.515477777777775,48.47130833333337,44.21563888888889
./img_data/kirmizi 570.jpg,600,600,3,56.06974444444443,52.6435055555556,46.38409999999999
./img_data/kirmizi 571.jpg,600,600,3,52.311986111111125,48.884977777777806,45.46492777777777
./img_data/kirmizi 573.jpg,600,600,3,38.52243055555555,36.38557500000002,34.18499166666669
./img_data/kirmizi 574.jpg,600,600,3,52.787322222222244,49.031097222222236,45.30023055555554
./img_data/kirmizi 575.jpg,600,600,3,48.61250555555554,46.06678888888889,41.58284722222224
./img_data/kirmizi 576.jpg,600,600,3,31.423019444444428,28.673788888888886,25.256002777777777
./img_data/kirmizi 577.jpg,600,600,3,53.15133888888889,51.39928055555558,48.42924166666668
./img_data/kirmizi 578.jpg,600,600,3,44.2208,42.278800000000025,40.71921666666671
./img_data/kirmizi 579.jpg,600,600,3,39.024177777777766,36.5521972222222,36.05161388888888
./img_data/kirmizi 580.jpg,600,600,3,54.5693083333333,49.902838888888894,42.75604166666664
./img_data/kirmizi 581.jpg,600,600,3,46.46881944444445,42.69931388888891,39.055841666666666
./img_data/kirmizi 582.jpg,600,600,3,52.935391666666696,50.06879166666665,46.87560833333336
./img_data/kirmizi 583.jpg,600,600,3,44.58640277777777,43.49326666666669,39.84950277777778
./img_data/kirmizi 584.jpg,600,600,3,54.643705555555606,50.79698888888887,46.27756388888891
./img_data/kirmizi 585.jpg,600,600,3,44.91438055555552,44.28583055555556,42.20022222222223
./img_data/kirmizi 586.jpg,600,600,3,54.72350833333333,52.61025,49.1483277777778
./img_data/kirmizi 587.jpg,600,600,3,50.93869444444445,48.58564166666665,47.493833333333356
./img_data/kirmizi 588.jpg,600,600,3,59.95092500000006,57.08089722222223,52.18060555555557
./img_data/kirmizi 589.jpg,600,600,3,44.53628055555555,41.66704722222222,38.66573888888888
./img_data/kirmizi 591.jpg,600,600,3,57.07816666666667,54.06179166666664,49.94101944444448
./img_data/kirmizi 592.jpg,600,600,3,47.9168972222222,45.683113888888904,42.968130555555554
./img_data/kirmizi 593.jpg,600,600,3,48.26592222222224,46.31439722222226,43.82688611111111
./img_data/kirmizi 594.jpg,600,600,3,50.09845555555556,49.10177499999998,46.403105555555534
./img_data/kirmizi 595.jpg,600,600,3,48.48733611111112,46.49856944444445,43.72149722222225
./img_data/kirmizi 596.jpg,600,600,3,49.10928055555558,46.695305555555564,43.62698055555556
./img_data/kirmizi 597.jpg,600,600,3,44.8577277777778,42.55758333333335,35.22379444444445
./img_data/kirmizi 598.jpg,600,600,3,32.81704722222221,30.639699999999987,27.96197222222223
./img_data/kirmizi 599.jpg,600,600,3,44.68776666666666,42.48453333333335,38.905283333333315
./img_data/kirmizi 600.jpg,600,600,3,47.441208333333364,45.70036666666666,43.09026666666665
./img_data/kirmizi 601.jpg,600,600,3,50.146841666666695,47.94908888888887,46.100308333333324
./img_data/kirmizi 602.jpg,600,600,3,40.60169444444444,37.9999055555556,35.948983333333324
./img_data/kirmizi 603.jpg,600,600,3,32.88443611111116,31.475541666666693,32.018638888888894
./img_data/kirmizi 604.jpg,600,600,3,43.2745416666667,42.186033333333334,39.55242499999998
./img_data/kirmizi 605.jpg,600,600,3,55.24239444444445,52.82413611111112,49.14329722222222
./img_data/kirmizi 606.jpg,600,600,3,39.4010388888889,38.64324444444442,35.96642777777777
./img_data/kirmizi 607.jpg,600,600,3,43.73094722222224,41.49641666666667,38.97548055555554
./img_data/kirmizi 609.jpg,600,600,3,47.52660277777779,45.94000277777778,42.90417222222221
./img_data/kirmizi 610.jpg,600,600,3,40.45154166666669,37.78536666666667,35.7648583333333
./img_data/kirmizi 611.jpg,600,600,3,45.65773611111111,43.29043055555553,39.60573888888889
./img_data/kirmizi 612.jpg,600,600,3,40.9319138888889,39.530119444444416,35.22275277777778
./img_data/kirmizi 613.jpg,600,600,3,45.94423333333329,42.8623027777778,39.33875833333334
./img_data/kirmizi 614.jpg,600,600,3,58.4101277777778,56.830647222222225,55.20456388888889
./img_data/kirmizi 615.jpg,600,600,3,50.88631944444443,49.0355888888889,45.994599999999984
./img_data/kirmizi 616.jpg,600,600,3,39.048333333333304,36.699869444444424,35.75880277777776
./img_data/kirmizi 617.jpg,600,600,3,45.00061666666669,43.67987499999999,41.09110833333334
./img_data/kirmizi 618.jpg,600,600,3,35.039647222222236,33.34475555555555,31.12938611111113
./img_data/kirmizi 619.jpg,600,600,3,56.79926388888885,55.2402055555555,53.45699166666668
./img_data/kirmizi 620.jpg,600,600,3,46.07353333333332,43.52832222222221,41.54615555555554
./img_data/kirmizi 621.jpg,600,600,3,45.464402777777806,43.42001388888888,41.2179388888889
./img_data/kirmizi 622.jpg,600,600,3,57.971200000000024,55.47420555555555,52.3115111111111
./img_data/kirmizi 623.jpg,600,600,3,53.361494444444446,50.193816666666656,45.48116388888892
./img_data/kirmizi 624.jpg,600,600,3,62.207563888888885,59.722522222222224,56.05114722222222
./img_data/kirmizi 625.jpg,600,600,3,40.26870833333333,38.027511111111124,34.65520555555554
./img_data/kirmizi 627.jpg,600,600,3,47.50481944444446,44.46757777777775,38.06682222222226
./img_data/kirmizi 628.jpg,600,600,3,39.281316666666676,36.65037499999998,36.121861111111116
./img_data/kirmizi 629.jpg,600,600,3,54.88879722222225,52.00927222222226,46.91102499999999
./img_data/kirmizi 630.jpg,600,600,3,51.63154722222223,48.98035833333332,46.322377777777774
./img_data/kirmizi 631.jpg,600,600,3,52.91775833333335,49.89760277777778,45.13065277777778
./img_data/kirmizi 632.jpg,600,600,3,46.76503333333335,43.77990833333332,42.07778611111109
./img_data/kirmizi 633.jpg,600,600,3,56.87825000000002,54.642275,50.286694444444464
./img_data/kirmizi 634.jpg,600,600,3,56.79123055555552,54.17064444444444,46.57334444444444
./img_data/kirmizi 635.jpg,600,600,3,49.713363888888864,47.01662222222225,42.16358055555558
./img_data/kirmizi 636.jpg,600,600,3,43.77618888888893,40.15041666666667,36.73580000000001
./img_data/kirmizi 637.jpg,600,600,3,41.28652222222222,38.37449722222224,38.38247777777778
./img_data/kirmizi 638.jpg,600,600,3,48.8089527777778,46.441569444444454,42.832272222222215
./img_data/kirmizi 639.jpg,600,600,3,56.91229999999997,54.23170277777777,47.93909722222225
./img_data/kirmizi 640.jpg,600,600,3,37.234333333333346,33.96066666666664,30.199466666666662
./img_data/kirmizi 641.jpg,600,600,3,50.91110000000002,48.36490277777778,42.33996944444443
./img_data/kirmizi 642.jpg,600,600,3,48.469249999999995,47.09118055555554,42.71778333333332
./img_data/kirmizi 643.jpg,600,600,3,56.080227777777836,54.04506944444442,51.68191111111111
./img_data/kirmizi 645.jpg,600,600,3,53.76263888888885,49.926063888888855,47.69025
./img_data/kirmizi 646.jpg,600,600,3,31.047786111111098,28.875088888888882,27.30985833333331
./img_data/kirmizi 647.jpg,600,600,3,40.01540833333333,38.08960555555558,35.047775000000016
./img_data/kirmizi 648.jpg,600,600,3,51.30232222222221,48.069152777777795,41.51643055555553
./img_data/kirmizi 649.jpg,600,600,3,45.262855555555554,44.1611583333333,42.648911111111104
./img_data/kirmizi 650.jpg,600,600,3,55.50164444444444,53.882197222222224,49.400750000000016
./img_data/kirmizi 651.jpg,600,600,3,36.373763888888895,34.678888888888885,31.56897499999999
./img_data/kirmizi 652.jpg,600,600,3,45.2609527777778,42.57693333333331,38.856741666666665
./img_data/kirmizi 653.jpg,600,600,3,53.77758333333331,50.14927499999999,45.88403333333334
./img_data/kirmizi 654.jpg,600,600,3,40.07315833333333,38.530319444444444,37.41981666666668
./img_data/kirmizi 655.jpg,600,600,3,52.98343333333331,50.57024444444446,48.14747222222221
./img_data/kirmizi 656.jpg,600,600,3,39.64824166666668,37.421286111111115,34.751186111111096
./img_data/kirmizi 657.jpg,600,600,3,40.00000277777779,39.1674888888889,36.05161388888889
./img_data/kirmizi 658.jpg,600,600,3,43.03577499999998,40.767675000000004,37.2969222222222
./img_data/kirmizi 659.jpg,600,600,3,50.963244444444435,51.28397222222221,48.05080277777779
./img_data/kirmizi 660.jpg,600,600,3,52.45927222222221,48.746869444444435,43.27731944444445
./img_data/kirmizi 661.jpg,600,600,3,50.05223888888889,47.1076277777778,44.184736111111064
./img_data/kirmizi 663.jpg,600,600,3,51.07714722222222,48.940263888888886,44.59750833333334
./img_data/kirmizi 664.jpg,600,600,3,33.32781388888889,32.866619444444446,33.240558333333325
./img_data/kirmizi 665.jpg,600,600,3,45.07572222222222,42.95884444444445,40.9053611111111
./img_data/kirmizi 666.jpg,600,600,3,44.86980555555558,44.21402499999999,42.40612777777777
./img_data/kirmizi 667.jpg,600,600,3,53.01087500000002,51.39042222222226,48.0759916666667
./img_data/kirmizi 668.jpg,600,600,3,44.511094444444446,41.801008333333336,39.77871666666668
./img_data/kirmizi 669.jpg,600,600,3,55.51154166666666,54.09373055555556,50.549863888888886
./img_data/kirmizi 670.jpg,600,600,3,49.88413611111112,46.694325000000035,43.17917777777775
./img_data/kirmizi 671.jpg,600,600,3,44.05263888888884,41.29511944444446,38.73569444444442
./img_data/kirmizi 672.jpg,600,600,3,54.015836111111135,52.26844722222224,49.256013888888894
./img_data/kirmizi 673.jpg,600,600,3,35.88737222222222,33.24189444444443,28.581497222222207
./img_data/kirmizi 674.jpg,600,600,3,60.591263888888925,58.545311111111175,54.443855555555544
./img_data/kirmizi 675.jpg,600,600,3,49.118725000000005,46.448411111111106,44.218994444444455
./img_data/kirmizi 676.jpg,600,600,3,41.28249722222225,39.97123333333333,36.172325
./img_data/kirmizi 677.jpg,600,600,3,44.452372222222195,42.197427777777804,39.52429722222223
./img_data/kirmizi 678.jpg,600,600,3,53.74028333333333,50.89408333333329,50.033605555555525
./img_data/kirmizi 679.jpg,600,600,3,42.463972222222246,40.097347222222226,38.26977499999999
./img_data/kirmizi 681.jpg,600,600,3,52.01031666666668,48.309524999999965,42.31494166666667
./img_data/kirmizi 682.jpg,600,600,3,36.972547222222225,35.46432777777777,33.50294166666666
./img_data/kirmizi 683.jpg,600,600,3,42.744844444444446,41.42089444444444,39.823216666666646
./img_data/kirmizi 684.jpg,600,600,3,45.632363888888925,43.00645277777778,38.3079111111111
./img_data/kirmizi 685.jpg,600,600,3,61.95838611111114,59.055572222222196,53.62450833333336
./img_data/kirmizi 686.jpg,600,600,3,49.96680833333335,47.608274999999956,42.37765833333335
./img_data/kirmizi 687.jpg,600,600,3,54.88170833333335,51.203258333333366,44.72706111111115
./img_data/kirmizi 688.jpg,600,600,3,44.30960555555555,41.56679722222221,38.975141666666644
./img_data/kirmizi 689.jpg,600,600,3,34.07417500000001,31.09262222222221,26.625708333333336
./img_data/kirmizi 690.jpg,600,600,3,44.39875833333332,40.215005555555585,35.373630555555565
./img_data/kirmizi 691.jpg,600,600,3,40.99228888888892,38.7809888888889,35.92605000000001
./img_data/kirmizi 692.jpg,600,600,3,49.42224444444442,46.561063888888896,43.485263888888895
./img_data/kirmizi 693.jpg,600,600,3,42.532275000000006,39.83358333333335,36.06408611111112
./img_data/kirmizi 694.jpg,600,600,3,47.39539722222225,44.4860388888889,39.255713888888906
./img_data/kirmizi 695.jpg,600,600,3,50.68294166666669,49.29778888888888,47.52475833333333
./img_data/kirmizi 696.jpg,600,600,3,54.81926944444442,51.896741666666706,47.94719166666666
./img_data/kirmizi 697.jpg,600,600,3,45.91803888888889,44.19300000000001,40.2392611111111
./img_data/kirmizi 699.jpg,600,600,3,46.32423055555557,43.11923888888889,40.048922222222224
./img_data/kirmizi 700.jpg,600,600,3,42.572800000000036,39.669916666666666,35.13891944444444
./img_data/kirmizi 701.jpg,600,600,3,51.18018888888888,49.31979166666667,38.11493888888888
./img_data/kirmizi 702.jpg,600,600,3,42.9526138888889,41.105750000000015,38.654680555555544
./img_data/kirmizi 703.jpg,600,600,3,58.58688611111109,57.70793055555554,53.472936111111125
./img_data/kirmizi 704.jpg,600,600,3,41.51959166666667,38.81361944444442,36.555591666666665
./img_data/kirmizi 705.jpg,600,600,3,56.42250277777776,54.47476388888892,50.51209166666668
./img_data/kirmizi 706.jpg,600,600,3,54.47850555555553,52.59030277777775,50.4561111111111
./img_data/kirmizi 707.jpg,600,600,3,43.57076666666668,40.28114444444445,36.173677777777776
./img_data/kirmizi 708.jpg,600,600,3,48.71389999999999,47.101788888888876,44.803047222222254
./img_data/kirmizi 709.jpg,600,600,3,60.437063888888915,57.247719444444485,53.173977777777786
./img_data/kirmizi 710.jpg,600,600,3,51.60026666666666,51.00672222222224,48.88848055555554
./img_data/kirmizi 711.jpg,600,600,3,41.61060555555555,39.418802777777785,39.21688333333332
./img_data/kirmizi 712.jpg,600,600,3,52.54138611111114,51.82261666666666,49.684633333333316
./img_data/kirmizi 713.jpg,600,600,3,50.10526944444446,47.564636111111135,42.860619444444445
./img_data/kirmizi 714.jpg,600,600,3,58.658391666666674,55.614363888888896,49.339447222222276
./img_data/kirmizi 715.jpg,600,600,3,46.65837777777781,43.44827222222224,38.16489999999999
./img_data/kirmizi 717.jpg,600,600,3,50.04729166666667,47.24090555555556,44.51406666666664
./img_data/kirmizi 718.jpg,600,600,3,46.059149999999974,41.93372222222223,36.99293888888886
./img_data/kirmizi 719.jpg,600,600,3,43.63733888888888,41.24097777777772,38.360933333333364
./img_data/kirmizi 720.jpg,600,600,3,49.10025,46.13681944444444,43.558380555555544
./img_data/kirmizi 721.jpg,600,600,3,50.164022222222236,48.97104722222224,44.54793055555556
./img_data/kirmizi 722.jpg,600,600,3,50.45157777777775,47.59964444444446,45.22763055555552
./img_data/kirmizi 723.jpg,600,600,3,46.274391666666695,43.16109999999999,41.06081944444443
./img_data/kirmizi 724.jpg,600,600,3,49.88694999999994,46.82809444444445,43.347922222222216
./img_data/kirmizi 725.jpg,600,600,3,58.05192499999996,56.80265555555555,53.7188277777778
./img_data/kirmizi 726.jpg,600,600,3,58.08157777777774,55.62778055555556,52.16119999999998
./img_data/kirmizi 727.jpg,600,600,3,51.65192222222224,48.222519444444416,43.20763888888891
./img_data/kirmizi 728.jpg,600,600,3,53.05511666666668,49.972313888888884,45.97251111111113
./img_data/kirmizi 729.jpg,600,600,3,35.75826944444443,33.728772222222254,31.38351388888889
./img_data/kirmizi 730.jpg,600,600,3,54.28522222222221,50.68619999999998,44.19954444444447
./img_data/kirmizi 731.jpg,600,600,3,40.04648333333337,36.97145277777777,32.47690833333335
./img_data/kirmizi 732.jpg,600,600,3,45.3188527777778,42.22146388888891,37.059994444444435
./img_data/kirmizi 733.jpg,600,600,3,50.25206944444448,48.68475,45.78150555555555
./img_data/kirmizi 735.jpg,600,600,3,42.151875,39.50090833333334,37.25751111111108
./img_data/kirmizi 736.jpg,600,600,3,49.99588888888887,46.69716944444444,44.229047222222235
./img_data/kirmizi 737.jpg,600,600,3,52.53186944444441,50.180138888888884,47.24078611111107
./img_data/kirmizi 738.jpg,600,600,3,46.14411944444449,44.13568611111116,41.414452777777754
./img_data/kirmizi 739.jpg,600,600,3,47.617608333333344,44.41644999999998,42.39444999999999
./img_data/kirmizi 740.jpg,600,600,3,53.167358333333354,49.61645,47.51971111111113
./img_data/kirmizi 741.jpg,600,600,3,43.41131388888886,41.41386111111108,38.771791666666644
./img_data/kirmizi 742.jpg,600,600,3,53.04499444444448,50.9083888888889,48.39576944444446
./img_data/kirmizi 743.jpg,600,600,3,45.32071666666669,45.020405555555534,42.323550000000004
./img_data/kirmizi 744.jpg,600,600,3,50.06744166666664,47.652561111111126,43.31708611111111
./img_data/kirmizi 745.jpg,600,600,3,42.204394444444425,39.42906944444442,34.82879444444444
./img_data/kirmizi 746.jpg,600,600,3,47.232936111111094,45.232999999999976,40.00568888888887
./img_data/kirmizi 747.jpg,600,600,3,48.86651944444445,46.979599999999984,44.607297222222215
./img_data/kirmizi 748.jpg,600,600,3,52.282875,49.74438055555554,44.97028888888889
./img_data/kirmizi 749.jpg,600,600,3,49.52850833333335,46.80483055555557,42.4917527777778
./img_data/kirmizi 750.jpg,600,600,3,41.940833333333345,40.35460555555556,36.50108055555557
./img_data/kirmizi 751.jpg,600,600,3,38.17708611111111,35.90685833333334,34.44394999999997
./img_data/kirmizi 753.jpg,600,600,3,53.987433333333364,52.39744999999999,48.40230833333334
./img_data/kirmizi 754.jpg,600,600,3,54.189025,50.95651666666666,45.1233972222222
./img_data/kirmizi 755.jpg,600,600,3,44.3381027777778,41.950250000000004,40.12289722222222
./img_data/kirmizi 756.jpg,600,600,3,53.08335000000001,51.317761111111096,48.16628333333333
./img_data/kirmizi 757.jpg,600,600,3,55.57498333333329,54.53222777777778,49.450875000000025
./img_data/kirmizi 758.jpg,600,600,3,38.740199999999994,36.3416861111111,33.5690638888889
./img_data/kirmizi 759.jpg,600,600,3,44.94820000000002,40.826827777777766,35.586155555555536
./img_data/kirmizi 760.jpg,600,600,3,43.60706944444444,41.36641111111113,40.08577777777779
./img_data/kirmizi 761.jpg,600,600,3,57.26174722222225,55.07569166666666,51.282311111111085
./img_data/kirmizi 762.jpg,600,600,3,45.26682499999996,42.73576111111108,39.43609444444444
./img_data/kirmizi 763.jpg,600,600,3,48.13249722222225,44.70220833333332,43.1808888888889
./img_data/kirmizi 764.jpg,600,600,3,56.58630000000002,52.91895555555556,47.515180555555524
./img_data/kirmizi 765.jpg,600,600,3,49.416486111111105,46.32519444444447,40.75820833333333
./img_data/kirmizi 766.jpg,600,600,3,36.02136944444443,35.08462222222223,32.72700000000005
./img_data/kirmizi 767.jpg,600,600,3,47.954769444444445,44.690938888888894,41.47120833333336
./img_data/kirmizi 768.jpg,600,600,3,40.564022222222235,37.892975,34.94942499999999
./img_data/kirmizi 769.jpg,600,600,3,51.794752777777774,48.6077277777778,44.982183333333325
./img_data/kirmizi 771.jpg,600,600,3,51.06133055555556,48.264725000000006,45.01309722222224
./img_data/kirmizi 772.jpg,600,600,3,53.50926666666665,50.8598361111111,46.93996944444446
./img_data/kirmizi 773.jpg,600,600,3,41.07862222222223,38.67220555555557,37.48069722222222
./img_data/kirmizi 774.jpg,600,600,3,49.44533888888888,46.90899444444444,43.88252222222223
./img_data/kirmizi 775.jpg,600,600,3,40.54160833333332,37.16926666666666,34.31560833333333
./img_data/kirmizi 776.jpg,600,600,3,44.472797222222276,43.299469444444455,39.57628333333334
./img_data/kirmizi 777.jpg,600,600,3,40.907141666666654,38.417505555555536,36.38483055555557
./img_data/kirmizi 778.jpg,600,600,3,49.569527777777786,48.0791361111111,44.28933333333336
./img_data/kirmizi 779.jpg,600,600,3,45.6823416666667,43.57763055555556,41.146744444444444
./img_data/kirmizi 780.jpg,600,600,3,36.99973611111111,35.08917222222225,32.92126666666665
./img_data/kirmizi 781.jpg,600,600,3,47.256733333333344,45.041502777777815,41.71891111111111
./img_data/kirmizi 782.jpg,600,600,3,52.94339444444443,51.436172222222226,48.13065555555559
./img_data/kirmizi 783.jpg,600,600,3,39.41196388888889,37.96981388888893,37.04519166666666
./img_data/kirmizi 784.jpg,600,600,3,25.022877777777772,23.38525,22.287247222222238
./img_data/kirmizi 785.jpg,600,600,3,44.96106666666667,43.087736111111134,39.720388888888884
./img_data/kirmizi 786.jpg,600,600,3,42.70860833333334,40.26468055555554,37.397069444444426
./img_data/kirmizi 787.jpg,600,600,3,47.49453611111109,45.83354999999999,42.228738888888856
./img_data/kirmizi 789.jpg,600,600,3,32.70625833333334,31.079863888888898,29.314030555555547
./img_data/kirmizi 790.jpg,600,600,3,48.45826111111113,47.39790833333334,43.541850000000004
./img_data/kirmizi 791.jpg,600,600,3,50.81193055555553,47.87635277777777,41.1391888888889
./img_data/kirmizi 792.jpg,600,600,3,52.40280833333334,49.62563055555559,45.71188888888889
./img_data/kirmizi 793.jpg,600,600,3,56.08567777777773,53.152755555555544,48.77521666666664
./img_data/kirmizi 794.jpg,600,600,3,47.39808055555553,46.37283055555554,44.27059722222221
./img_data/kirmizi 795.jpg,600,600,3,41.358183333333336,38.34854166666666,35.764269444444444
./img_data/kirmizi 796.jpg,600,600,3,45.99445833333333,43.65011666666666,39.31838611111113
./img_data/kirmizi 797.jpg,600,600,3,42.57594444444446,39.9359361111111,35.43820833333334
./img_data/kirmizi 798.jpg,600,600,3,47.261866666666656,45.85440000000003,42.91324999999998
./img_data/kirmizi 799.jpg,600,600,3,43.452708333333355,41.965749999999986,39.839113888888875
./img_data/kirmizi 800.jpg,600,600,3,51.38975833333334,47.98086666666666,44.264702777777785
./img_data/kirmizi 801.jpg,600,600,3,44.26722777777776,41.24717222222221,38.48501666666664
./img_data/kirmizi 802.jpg,600,600,3,48.0112722222222,48.237225000000024,41.65924999999999
./img_data/kirmizi 803.jpg,600,600,3,54.381011111111114,51.51929444444443,48.939033333333306
./img_data/kirmizi 804.jpg,600,600,3,49.20619722222222,48.23129999999997,46.944147222222206
./img_data/kirmizi 805.jpg,600,600,3,51.46178055555554,50.43604722222223,47.741144444444444
./img_data/kirmizi 807.jpg,600,600,3,38.56027500000002,36.617874999999984,34.88190555555551
./img_data/kirmizi 808.jpg,600,600,3,48.115347222222226,45.49483055555556,41.85249444444441
./img_data/kirmizi 809.jpg,600,600,3,52.58398333333334,49.72788333333336,45.19147499999997
./img_data/kirmizi 810.jpg,600,600,3,48.77845000000002,45.446783333333315,40.159225
./img_data/kirmizi 811.jpg,600,600,3,51.46413611111115,48.77736666666665,45.54289722222224
./img_data/kirmizi 812.jpg,600,600,3,48.893683333333335,45.93331111111111,40.45976944444444
./img_data/kirmizi 813.jpg,600,600,3,51.97479999999998,49.431333333333306,46.16332777777774
./img_data/kirmizi 814.jpg,600,600,3,48.17540277777777,45.717825000000026,42.400197222222225
./img_data/kirmizi 815.jpg,600,600,3,59.58778333333327,57.379050000000035,54.061491666666676
./img_data/kirmizi 816.jpg,600,600,3,44.0172722222222,40.93116666666668,38.15976111111111
./img_data/kirmizi 817.jpg,600,600,3,53.69265555555557,50.897319444444484,48.414549999999984
./img_data/kirmizi 818.jpg,600,600,3,43.81010555555558,42.33086111111111,38.34203888888887
./img_data/kirmizi 819.jpg,600,600,3,46.39612222222224,43.183211111111106,40.70233055555555
./img_data/kirmizi 820.jpg,600,600,3,57.051574999999936,52.40910000000004,47.01269999999996
./img_data/kirmizi 821.jpg,600,600,3,47.02023611111114,44.16098333333335,39.741802777777764
./img_data/kirmizi 822.jpg,600,600,3,47.18807222222223,44.33619722222222,39.61521666666664
./img_data/kirmizi 823.jpg,600,600,3,46.53787222222224,43.33646388888889,39.43903055555556
./img_data/kirmizi 825.jpg,600,600,3,42.85997222222224,40.71513055555556,38.94053055555556
./img_data/kirmizi 826.jpg,600,600,3,55.7610916666667,55.256372222222225,52.54473611111109
./img_data/kirmizi 827.jpg,600,600,3,48.512599999999985,46.470569444444436,43.93731944444447
./img_data/kirmizi 828.jpg,600,600,3,43.63317222222221,41.32445277777778,35.332011111111086
./img_data/kirmizi 829.jpg,600,600,3,51.19901111111112,48.963030555555555,44.26334166666666
./img_data/kirmizi 830.jpg,600,600,3,55.50697499999996,53.655852777777795,47.84879166666668
./img_data/kirmizi 831.jpg,600,600,3,55.2163694444444,54.52459166666671,50.718433333333344
./img_data/kirmizi 832.jpg,600,600,3,44.401302777777765,42.118066666666664,38.799597222222225
./img_data/kirmizi 833.jpg,600,600,3,38.93321944444444,36.77783333333336,34.24982500000001
./img_data/kirmizi 834.jpg,600,600,3,43.48376388888894,40.6333472222222,37.567366666666686
./img_data/kirmizi 835.jpg,600,600,3,47.52274444444445,44.00099166666665,39.45590555555555
./img_data/kirmizi 836.jpg,600,600,3,48.43821666666665,47.01531666666665,44.7074027777778
./img_data/kirmizi 837.jpg,600,600,3,48.37455000000005,47.281538888888896,44.07026944444441
./img_data/kirmizi 838.jpg,600,600,3,49.7252055555555,48.90945277777779,44.74665555555555
./img_data/kirmizi 839.jpg,600,600,3,57.31548611111114,54.25735833333332,52.34008055555557
./img_data/kirmizi 840.jpg,600,600,3,42.7316888888889,41.31965555555556,37.78936388888887
./img_data/kirmizi 841.jpg,600,600,3,63.14616944444446,61.58520000000001,53.163288888888864
./img_data/kirmizi 843.jpg,600,600,3,35.918719444444434,33.31186666666667,32.45629722222225
./img_data/kirmizi 844.jpg,600,600,3,33.34245277777776,30.854630555555577,29.884761111111118
./img_data/kirmizi 845.jpg,600,600,3,45.544072222222255,44.467925,42.8895388888889
./img_data/kirmizi 846.jpg,600,600,3,51.1578388888889,49.6083361111111,46.94546111111116
./img_data/kirmizi 847.jpg,600,600,3,52.415663888888886,50.8058194444444,49.84094722222222
./img_data/kirmizi 848.jpg,600,600,3,46.921930555555576,43.16562500000003,37.57168888888887
./img_data/kirmizi 849.jpg,600,600,3,47.47861944444444,45.26185277777776,41.37628611111113
./img_data/kirmizi 850.jpg,600,600,3,50.58689444444447,49.70373333333332,46.81921388888893
./img_data/kirmizi 851.jpg,600,600,3,33.38186111111113,31.637452777777767,29.683288888888875
./img_data/kirmizi 852.jpg,600,600,3,41.28914166666664,38.9958027777778,36.76396944444443
./img_data/kirmizi 853.jpg,600,600,3,44.34688055555555,41.73564444444445,38.660836111111145
./img_data/kirmizi 854.jpg,600,600,3,45.812483333333375,45.14448055555557,42.53300833333335
./img_data/kirmizi 855.jpg,600,600,3,45.803027777777764,43.536344444444424,42.65459444444447
./img_data/kirmizi 856.jpg,600,600,3,49.776025,46.72878055555558,43.05321111111109
./img_data/kirmizi 857.jpg,600,600,3,48.89977500000001,46.02371944444445,42.02149166666669
./img_data/kirmizi 858.jpg,600,600,3,45.957227777777774,43.70989722222221,39.14671388888889
./img_data/kirmizi 859.jpg,600,600,3,53.24627222222218,50.58234166666664,47.970891666666645
./img_data/kirmizi 861.jpg,600,600,3,46.48374999999998,43.81119999999999,40.959649999999996
./img_data/kirmizi 862.jpg,600,600,3,48.999533333333325,46.25249444444445,42.1518472222222
./img_data/kirmizi 863.jpg,600,600,3,48.44331944444445,45.60597222222221,44.37489444444444
./img_data/kirmizi 864.jpg,600,600,3,48.657672222222224,46.72150833333335,42.30020555555556
./img_data/kirmizi 865.jpg,600,600,3,55.28336666666669,52.566416666666655,49.708919444444454
./img_data/kirmizi 866.jpg,600,600,3,48.816622222222186,46.09602222222222,43.020586111111136
./img_data/kirmizi 867.jpg,600,600,3,56.69349444444444,53.80020833333331,50.93273888888886
./img_data/kirmizi 868.jpg,600,600,3,45.89625833333335,44.79950833333335,41.65659722222223
./img_data/kirmizi 869.jpg,600,600,3,45.00628055555552,42.69331388888889,40.43335833333336
./img_data/kirmizi 870.jpg,600,600,3,43.82280000000001,40.83547222222223,38.44171388888892
./img_data/kirmizi 871.jpg,600,600,3,51.32567499999999,48.638136111111095,45.132700000000014
./img_data/kirmizi 872.jpg,600,600,3,49.35983055555556,47.23770833333332,44.069688888888905
./img_data/kirmizi 873.jpg,600,600,3,64.08810277777778,61.825716666666615,59.479099999999995
./img_data/kirmizi 874.jpg,600,600,3,35.93682222222221,33.66089722222223,32.130602777777774
./img_data/kirmizi 875.jpg,600,600,3,59.58245555555553,58.4092444444444,54.354108333333336
./img_data/kirmizi 876.jpg,600,600,3,46.01087222222226,43.41432777777778,37.08932500000003
./img_data/kirmizi 877.jpg,600,600,3,41.66963611111109,39.46456388888888,36.39374166666668
./img_data/kirmizi 879.jpg,600,600,3,42.78156944444447,39.234974999999956,34.18553611111117
./img_data/kirmizi 880.jpg,600,600,3,39.17406666666669,38.44262499999999,36.73758888888889
./img_data/kirmizi 881.jpg,600,600,3,52.663922222222226,50.42576666666667,47.004211111111104
./img_data/kirmizi 882.jpg,600,600,3,38.432138888888886,36.61175555555557,33.53524166666665
./img_data/kirmizi 883.jpg,600,600,3,41.696647222222225,39.289855555555576,37.30011388888886
./img_data/kirmizi 884.jpg,600,600,3,42.549924999999995,39.69621944444446,38.146580555555545
./img_data/kirmizi 885.jpg,600,600,3,35.99104444444445,34.330966666666654,32.71898333333332
./img_data/kirmizi 886.jpg,600,600,3,38.90351944444443,37.110597222222225,34.1649222222222
./img_data/kirmizi 887.jpg,600,600,3,46.584655555555514,43.79523055555555,40.267061111111076
./img_data/kirmizi 888.jpg,600,600,3,45.46745833333333,43.29833333333332,42.64822222222225
./img_data/kirmizi 889.jpg,600,600,3,44.071086111111086,43.068513888888866,40.52217222222223
./img_data/kirmizi 890.jpg,600,600,3,46.84027777777783,44.324013888888906,42.700883333333344
./img_data/kirmizi 891.jpg,600,600,3,42.24850000000002,39.47743333333334,36.58322777777779
./img_data/kirmizi 892.jpg,600,600,3,47.639149999999994,46.91074722222222,44.12116388888888
./img_data/kirmizi 893.jpg,600,600,3,44.43968333333338,41.71388611111112,37.40501666666666
./img_data/kirmizi 894.jpg,600,600,3,38.775250000000014,36.91210555555556,35.90301666666669
./img_data/kirmizi 895.jpg,600,600,3,46.08560555555557,45.00431944444445,40.586586111111096
./img_data/kirmizi 897.jpg,600,600,3,43.44355833333335,40.24653055555554,35.222286111111124
./img_data/kirmizi 898.jpg,600,600,3,25.86385555555556,24.65507499999999,23.117980555555544
./img_data/kirmizi 899.jpg,600,600,3,46.53628055555553,45.265058333333315,41.99976388888887
./img_data/kirmizi 900.jpg,600,600,3,33.89948055555554,31.634119444444472,29.183683333333345
./img_data/kirmizi 901.jpg,600,600,3,40.23411388888888,39.288438888888905,38.25799722222221
./img_data/kirmizi 902.jpg,600,600,3,48.0716,44.9908888888889,39.7028277777778
./img_data/kirmizi 903.jpg,600,600,3,60.04582777777774,57.68548611111112,52.9462388888889
./img_data/kirmizi 904.jpg,600,600,3,47.60943611111116,44.444019444444464,41.57274722222226
./img_data/kirmizi 905.jpg,600,600,3,50.584102777777794,46.36500555555554,42.255177777777746
./img_data/kirmizi 906.jpg,600,600,3,41.149091666666685,39.25929166666667,40.13800277777778
./img_data/kirmizi 907.jpg,600,600,3,33.33036944444444,31.84341666666667,29.905338888888885
./img_data/kirmizi 908.jpg,600,600,3,50.53246666666669,48.65069722222223,43.986536111111114
./img_data/kirmizi 909.jpg,600,600,3,36.6274638888889,34.60635833333331,31.659769444444432
./img_data/kirmizi 910.jpg,600,600,3,56.00520555555555,53.80685555555559,49.658180555555575
./img_data/kirmizi 911.jpg,600,600,3,50.341838888888866,47.587013888888926,44.90665833333335
./img_data/kirmizi 912.jpg,600,600,3,60.43282500000007,57.41963611111114,52.199330555555576
./img_data/kirmizi 913.jpg,600,600,3,53.02467500000002,50.26953611111111,43.96726944444441
./img_data/kirmizi 915.jpg,600,600,3,52.48743055555556,48.92676944444444,41.9905027777778
./img_data/kirmizi 916.jpg,600,600,3,61.59627222222221,59.60742222222222,55.93458888888896
./img_data/kirmizi 917.jpg,600,600,3,53.02958888888888,50.62683333333335,47.374961111111084
./img_data/kirmizi 918.jpg,600,600,3,40.04878055555558,36.619391666666665,35.9083611111111
./img_data/kirmizi 919.jpg,600,600,3,55.35852499999997,52.30073888888888,49.62285833333331
./img_data/kirmizi 920.jpg,600,600,3,31.33517222222224,30.53839999999998,29.85006388888888
./img_data/kirmizi 921.jpg,600,600,3,42.54173611111114,39.769380555555564,39.678419444444444
./img_data/kirmizi 922.jpg,600,600,3,44.7006611111111,41.816661111111095,38.319774999999986
./img_data/kirmizi 923.jpg,600,600,3,47.62858888888888,44.74799166666668,42.6002
./img_data/kirmizi 924.jpg,600,600,3,50.11676388888888,48.50330277777776,45.76928333333333
./img_data/kirmizi 925.jpg,600,600,3,43.024775000000005,41.80460277777774,39.30064444444445
./img_data/kirmizi 926.jpg,600,600,3,45.42279166666665,43.49997222222225,38.093447222222224
./img_data/kirmizi 927.jpg,600,600,3,58.19523055555549,56.035830555555535,52.67841388888889
./img_data/kirmizi 928.jpg,600,600,3,50.954288888888904,48.9400111111111,46.870230555555516
./img_data/kirmizi 929.jpg,600,600,3,50.40543611111114,48.17594166666669,45.166575
./img_data/kirmizi 930.jpg,600,600,3,46.76251944444446,44.63547500000001,41.532944444444475
./img_data/kirmizi 931.jpg,600,600,3,37.856674999999974,35.39801666666666,34.58728333333333
./img_data/kirmizi 933.jpg,600,600,3,48.27768055555555,46.14946388888887,42.6187333333333
./img_data/kirmizi 934.jpg,600,600,3,51.85738611111109,49.069513888888864,42.98491111111106
./img_data/kirmizi 935.jpg,600,600,3,47.411591666666645,45.1140888888889,41.8774
./img_data/kirmizi 936.jpg,600,600,3,37.8772611111111,35.29911666666665,31.121169444444458
./img_data/kirmizi 937.jpg,600,600,3,42.46760277777774,41.0288222222222,39.6471722222222
./img_data/kirmizi 938.jpg,600,600,3,59.744316666666634,59.219605555555525,56.01553611111113
./img_data/kirmizi 939.jpg,600,600,3,49.18951388888887,47.221852777777734,43.54805277777775
./img_data/kirmizi 940.jpg,600,600,3,37.61920555555558,35.47032500000002,34.92094444444444
./img_data/kirmizi 941.jpg,600,600,3,46.13805555555556,45.605750000000015,42.21011111111108
./img_data/kirmizi 942.jpg,600,600,3,47.07844166666667,46.25991944444447,43.21099722222226
./img_data/kirmizi 943.jpg,600,600,3,29.032558333333334,27.54865833333334,25.235391666666654
./img_data/kirmizi 944.jpg,600,600,3,50.12343333333333,49.663958333333326,47.93201944444445
./img_data/kirmizi 945.jpg,600,600,3,43.12620555555557,40.764663888888876,38.216233333333335
./img_data/kirmizi 946.jpg,600,600,3,47.75494722222218,45.06736111111111,42.86322222222223
./img_data/kirmizi 947.jpg,600,600,3,42.997311111111145,41.52125833333333,38.47473888888891
./img_data/kirmizi 948.jpg,600,600,3,42.39368333333331,40.61516944444443,37.16541388888887
./img_data/kirmizi 949.jpg,600,600,3,56.95174999999999,53.885241666666666,50.61555
./img_data/kirmizi 951.jpg,600,600,3,52.127561111111135,48.4297,43.06084166666669
./img_data/kirmizi 952.jpg,600,600,3,35.572261111111125,32.97508333333333,31.815283333333337
./img_data/kirmizi 953.jpg,600,600,3,45.645575000000065,42.22066944444443,40.85870277777778
./img_data/kirmizi 954.jpg,600,600,3,52.96054444444444,50.886691666666714,46.07223055555555
./img_data/kirmizi 955.jpg,600,600,3,49.96752222222224,48.09681666666664,45.77072222222221
./img_data/kirmizi 956.jpg,600,600,3,55.11869444444447,52.510955555555576,47.61152777777776
./img_data/kirmizi 957.jpg,600,600,3,62.394027777777715,61.002358333333284,57.605538888888915
./img_data/kirmizi 958.jpg,600,600,3,48.051174999999986,46.503194444444475,44.14743611111112
./img_data/kirmizi 959.jpg,600,600,3,48.082780555555544,44.91991666666666,42.36058055555554
./img_data/kirmizi 960.jpg,600,600,3,45.6207638888889,41.382819444444436,33.057652777777754
./img_data/kirmizi 961.jpg,600,600,3,39.72282499999999,37.64125833333336,36.05688333333333
./img_data/kirmizi 962.jpg,600,600,3,45.72388333333333,42.46546944444446,36.169022222222225
./img_data/kirmizi 963.jpg,600,600,3,48.86200555555558,46.63308055555555,44.38028888888888
./img_data/kirmizi 964.jpg,600,600,3,53.41751111111111,49.643424999999986,44.9457388888889
./img_data/kirmizi 965.jpg,600,600,3,52.41608888888888,50.27558333333334,46.66281388888888
./img_data/kirmizi 966.jpg,600,600,3,32.024819444444425,30.69230277777778,30.187758333333342
./img_data/kirmizi 967.jpg,600,600,3,44.46139444444446,41.91746111111112,38.18129166666666
./img_data/kirmizi 969.jpg,600,600,3,54.263319444444456,51.55724444444444,50.27144444444446
./img_data/kirmizi 970.jpg,600,600,3,55.908813888888886,51.99855,47.335125
./img_data/kirmizi 971.jpg,600,600,3,54.60179166666666,51.679072222222224,47.63396388888887
./img_data/kirmizi 972.jpg,600,600,3,45.15807499999998,40.758547222222205,38.19327500000002
./img_data/kirmizi 973.jpg,600,600,3,35.32455000000001,32.71369722222222,30.27840555555555
./img_data/kirmizi 974.jpg,600,600,3,44.030536111111104,40.93700000000001,39.044627777777755
./img_data/kirmizi 975.jpg,600,600,3,34.5412555555556,31.333036111111106,29.308113888888876
./img_data/kirmizi 976.jpg,600,600,3,54.477930555555496,51.13727222222218,46.71129166666663
./img_data/kirmizi 977.jpg,600,600,3,41.38021388888889,38.5546,36.69196388888888
./img_data/kirmizi 978.jpg,600,600,3,42.72727222222224,40.09860277777775,38.827683333333326
./img_data/kirmizi 979.jpg,600,600,3,42.16508611111114,39.34978333333331,36.02006111111112
./img_data/kirmizi 980.jpg,600,600,3,46.43856944444445,43.511863888888875,39.70793333333331
./img_data/kirmizi 981.jpg,600,600,3,55.82340277777772,52.797852777777784,49.299625
./img_data/kirmizi 982.jpg,600,600,3,44.89206666666666,41.74505833333331,38.4176722222222
./img_data/kirmizi 983.jpg,600,600,3,58.015730555555564,55.03493888888887,51.850549999999984
./img_data/kirmizi 984.jpg,600,600,3,41.6114916666667,38.81672499999999,35.67425833333333
./img_data/kirmizi 985.jpg,600,600,3,46.08538333333332,44.028850000000006,42.48994444444445
./img_data/kirmizi 698.jpg,600,600,3,35.37129444444444,33.17543888888889,30.140127777777803
./img_data/kirmizi 716.jpg,600,600,3,40.58329166666662,38.231663888888896,34.64535833333332
./img_data/kirmizi 734.jpg,600,600,3,39.14182777777776,37.37548611111113,34.95926111111113
./img_data/kirmizi 752.jpg,600,600,3,43.256072222222215,41.02763611111115,39.61251944444446
./img_data/kirmizi 770.jpg,600,600,3,55.95015833333331,54.053063888888914,50.29461944444441
./img_data/kirmizi 788.jpg,600,600,3,44.84588888888888,42.655224999999994,40.95073611111111
./img_data/kirmizi 806.jpg,600,600,3,44.802447222222256,41.98144444444446,38.43703333333333
./img_data/kirmizi 824.jpg,600,600,3,44.15341111111113,42.60146388888886,39.055252777777774
./img_data/kirmizi 842.jpg,600,600,3,39.70995555555554,38.227730555555546,34.47614166666664
./img_data/kirmizi 860.jpg,600,600,3,40.460594444444446,39.985308333333336,37.77435555555557
./img_data/kirmizi 878.jpg,600,600,3,38.530683333333336,36.339688888888915,34.78928611111108
./img_data/kirmizi 896.jpg,600,600,3,51.07974166666668,48.207963888888884,42.18814166666667
./img_data/kirmizi 914.jpg,600,600,3,43.4911972222222,40.75218333333333,35.575508333333325
./img_data/kirmizi 932.jpg,600,600,3,51.47747222222223,50.0525472222222,46.10654166666666
./img_data/kirmizi 950.jpg,600,600,3,48.57812222222224,45.85997499999999,43.07167499999998
./img_data/kirmizi 968.jpg,600,600,3,36.92930000000002,35.30418888888891,32.19620277777779
./img_data/kirmizi 987.jpg,600,600,3,54.46962222222221,51.93978888888889,47.98383611111112
./img_data/kirmizi 988.jpg,600,600,3,49.31503055555556,47.80050555555557,44.32440833333335
./img_data/kirmizi 989.jpg,600,600,3,45.20938888888889,42.4033583333333,38.844111111111104
./img_data/kirmizi 990.jpg,600,600,3,44.07683611111113,41.14076111111115,36.67591944444445
./img_data/kirmizi 991.jpg,600,600,3,56.2706944444444,54.95489166666666,52.53704722222219
./img_data/kirmizi 992.jpg,600,600,3,43.76717777777778,40.64016666666666,35.463075
./img_data/kirmizi 993.jpg,600,600,3,45.63304722222222,43.53361944444445,40.02128611111112
./img_data/kirmizi 994.jpg,600,600,3,46.34840833333332,44.928488888888886,42.20518611111111
./img_data/kirmizi 995.jpg,600,600,3,43.0751361111111,40.93911666666668,37.14213888888886
./img_data/kirmizi 996.jpg,600,600,3,41.37418055555556,37.863369444444466,35.209588888888874
./img_data/kirmizi 997.jpg,600,600,3,62.35791388888891,60.529174999999974,57.027463888888875
./img_data/kirmizi 998.jpg,600,600,3,44.00369722222222,41.60416944444444,38.0707888888889
./img_data/kirmizi 999.jpg,600,600,3,52.82549722222224,51.10313611111113,47.93700277777779
./img_data/siirt 409.jpg,600,600,3,63.92689166666661,60.099344444444405,57.85458333333332
./img_data/siirt 410.jpg,600,600,3,62.01549999999997,59.52095000000001,55.09038611111111
./img_data/siirt 411.jpg,600,600,3,62.340969444444404,59.28072500000003,53.40953333333331
./img_data/siirt 412.jpg,600,600,3,50.168394444444424,47.759894444444434,44.20357500000002
./img_data/siirt 414.jpg,600,600,3,67.3780916666667,64.90436111111116,61.17859722222219
./img_data/siirt 415.jpg,600,600,3,54.68260555555554,49.30046388888888,45.80502777777781
./img_data/siirt 416.jpg,600,600,3,53.65148333333328,51.13226111111112,46.864925
./img_data/siirt 417.jpg,600,600,3,71.57756111111114,68.4772972222222,66.62637222222217
./img_data/siirt 418.jpg,600,600,3,53.72681666666668,54.74710833333333,53.901866666666656
./img_data/siirt 419.jpg,600,600,3,60.709150000000044,58.972269444444414,52.48662499999998
./img_data/siirt 420.jpg,600,600,3,54.886300000000084,52.013902777777794,47.63764166666665
./img_data/siirt 421.jpg,600,600,3,55.89708055555555,52.41088888888891,49.30676388888889
./img_data/siirt 422.jpg,600,600,3,55.60348888888892,52.534677777777816,49.61434166666663
./img_data/siirt 423.jpg,600,600,3,53.63987500000002,51.18806388888888,48.115202777777796
./img_data/siirt 424.jpg,600,600,3,56.470475000000015,56.012686111111115,51.87886944444447
./img_data/siirt 425.jpg,600,600,3,60.5402277777778,57.66459999999993,55.59159722222219
./img_data/siirt 426.jpg,600,600,3,50.78359166666667,48.18299999999997,44.264952777777815
./img_data/siirt 427.jpg,600,600,3,54.64640277777779,51.82234444444444,44.43031944444444
./img_data/siirt 428.jpg,600,600,3,60.60466111111109,57.58205000000002,51.37362222222222
./img_data/siirt 429.jpg,600,600,3,57.80280277777775,55.58424444444446,51.79380555555555
./img_data/siirt 430.jpg,600,600,3,51.73905833333333,49.29803333333333,46.13558611111109
./img_data/siirt 432.jpg,600,600,3,57.9188666666667,55.979836111111105,53.163822222222215
./img_data/siirt 433.jpg,600,600,3,70.34232222222226,66.65624999999999,65.14284722222229
./img_data/siirt 434.jpg,600,600,3,50.95137499999999,45.313424999999974,38.41644166666671
./img_data/siirt 435.jpg,600,600,3,55.85341111111115,52.62265833333333,51.0109222222222
./img_data/siirt 436.jpg,600,600,3,60.194366666666674,57.52699166666672,50.04549166666664
./img_data/siirt 437.jpg,600,600,3,52.001533333333334,48.9925583333333,46.05189166666665
./img_data/siirt 438.jpg,600,600,3,53.595405555555566,49.06920555555554,45.37908611111112
./img_data/siirt 439.jpg,600,600,3,62.94764722222226,57.992005555555515,53.10186666666668
./img_data/siirt 440.jpg,600,600,3,52.89120555555557,51.68916111111113,47.79249166666664
./img_data/siirt 441.jpg,600,600,3,52.90764166666667,49.82128611111113,47.51710833333331
./img_data/siirt 442.jpg,600,600,3,61.40697222222227,57.875302777777776,53.16359444444447
./img_data/siirt 443.jpg,600,600,3,62.12190555555554,60.565766666666626,54.41965555555554
./img_data/siirt 444.jpg,600,600,3,51.7127388888889,47.72145555555556,42.22931666666667
./img_data/siirt 445.jpg,600,600,3,63.81399166666666,60.60303055555555,57.361302777777794
./img_data/siirt 446.jpg,600,600,3,49.38058333333333,46.81099999999996,43.66354722222223
./img_data/siirt 447.jpg,600,600,3,44.717575,41.95899444444449,38.742863888888884
./img_data/siirt 448.jpg,600,600,3,61.839377777777806,60.34031944444447,58.33525277777779
./img_data/siirt 450.jpg,600,600,3,52.43440555555555,49.76012222222223,46.78075555555558
./img_data/siirt 451.jpg,600,600,3,57.19013333333335,55.87721944444446,52.93894722222229
./img_data/siirt 452.jpg,600,600,3,42.728805555555574,41.00597222222224,39.848397222222204
./img_data/siirt 453.jpg,600,600,3,54.12278611111112,52.4258055555556,49.22875555555552
./img_data/siirt 454.jpg,600,600,3,55.9881527777778,53.352925000000035,50.94494722222218
./img_data/siirt 455.jpg,600,600,3,49.59676388888891,48.193563888888875,45.908638888888895
./img_data/siirt 456.jpg,600,600,3,59.19363611111108,57.37181111111109,56.54129722222225
./img_data/siirt 457.jpg,600,600,3,58.163638888888876,56.45306944444446,53.578124999999964
./img_data/siirt 458.jpg,600,600,3,63.77901111111108,61.87951388888893,59.134855555555504
./img_data/siirt 459.jpg,600,600,3,54.934233333333324,53.43808055555556,50.98507499999998
./img_data/siirt 460.jpg,600,600,3,48.585794444444495,45.85642777777782,43.45319722222223
./img_data/siirt 461.jpg,600,600,3,65.10555277777775,61.17703333333335,58.766500000000036
./img_data/siirt 462.jpg,600,600,3,60.84595000000001,59.73966944444442,55.41280555555554
./img_data/siirt 463.jpg,600,600,3,56.4481111111111,53.346474999999984,51.42709722222223
./img_data/siirt 464.jpg,600,600,3,58.92069999999998,57.6410472222222,56.4537611111111
./img_data/siirt 465.jpg,600,600,3,58.05664444444445,55.13892222222225,51.34530555555556
./img_data/siirt 466.jpg,600,600,3,56.861425000000004,56.0774222222222,52.72469166666668
./img_data/siirt 468.jpg,600,600,3,50.81603333333332,48.6988722222222,47.01202222222221
./img_data/siirt 469.jpg,600,600,3,52.93734722222222,50.65969722222224,49.307600000000015
./img_data/siirt 470.jpg,600,600,3,58.72154166666664,57.7145027777778,54.9176583333333
./img_data/siirt 471.jpg,600,600,3,57.51451666666668,55.40321666666663,53.02550277777781
./img_data/siirt 472.jpg,600,600,3,49.792152777777794,49.997855555555596,48.55777222222225
./img_data/siirt 473.jpg,600,600,3,52.31508888888888,49.78077499999997,48.695497222222194
./img_data/siirt 474.jpg,600,600,3,49.56214722222221,48.036858333333335,46.496749999999984
./img_data/siirt 475.jpg,600,600,3,50.504724999999965,50.76296388888888,47.303324999999994
./img_data/siirt 476.jpg,600,600,3,56.43768055555557,53.43931944444447,49.821250000000006
./img_data/siirt 477.jpg,600,600,3,50.56728888888886,49.01418333333334,45.89825277777779
./img_data/siirt 478.jpg,600,600,3,49.40028888888891,48.930525000000024,47.83746388888893
./img_data/siirt 479.jpg,600,600,3,54.12241388888888,54.67453055555555,51.12022777777777
./img_data/siirt 480.jpg,600,600,3,52.09104722222225,50.35446666666669,46.45073333333331
./img_data/siirt 481.jpg,600,600,3,51.17834166666663,48.155780555555566,47.7926
./img_data/siirt 482.jpg,600,600,3,64.18036111111117,60.57953333333329,57.27523888888888
./img_data/siirt 483.jpg,600,600,3,59.37746388888886,56.55195555555559,52.82721111111111
./img_data/siirt 484.jpg,600,600,3,53.96448333333331,51.20896666666665,49.633600000000065
./img_data/siirt 486.jpg,600,600,3,54.24648611111111,52.89034166666665,52.086747222222215
./img_data/siirt 487.jpg,600,600,3,55.02871666666666,54.17101666666668,49.756536111111124
./img_data/siirt 488.jpg,600,600,3,54.71835277777777,52.5766527777778,49.27439722222225
./img_data/siirt 489.jpg,600,600,3,72.19535,68.50146111111118,67.33719444444438
./img_data/siirt 490.jpg,600,600,3,71.0165444444444,70.54301666666662,69.19283333333327
./img_data/siirt 491.jpg,600,600,3,53.78098611111109,51.69992500000002,49.64994166666664
./img_data/siirt 492.jpg,600,600,3,46.54457222222227,46.08707500000002,44.038783333333335
./img_data/siirt 493.jpg,600,600,3,53.44240555555555,51.16208611111108,50.04022222222221
./img_data/siirt 494.jpg,600,600,3,55.302694444444434,52.27297500000004,51.317758333333394
./img_data/siirt 495.jpg,600,600,3,61.39313888888895,58.881669444444405,54.47074166666664
./img_data/siirt 496.jpg,600,600,3,53.713355555555545,52.7986666666667,50.36724722222224
./img_data/siirt 497.jpg,600,600,3,51.018794444444474,46.841386111111134,39.71415833333336
./img_data/siirt 498.jpg,600,600,3,57.603377777777766,52.63012222222223,44.744105555555535
./img_data/siirt 499.jpg,600,600,3,61.032455555555586,56.40103055555555,48.55959999999999
./img_data/siirt 500.jpg,600,600,3,52.81535277777778,47.405286111111096,40.93965
./img_data/siirt 501.jpg,600,600,3,51.59452222222226,46.717427777777765,40.37503333333333
./img_data/siirt 502.jpg,600,600,3,52.49571388888885,49.280188888888915,43.23155277777775
./img_data/siirt 504.jpg,600,600,3,68.48625000000006,67.43801111111115,60.1481583333334
./img_data/siirt 505.jpg,600,600,3,61.49545833333329,58.872544444444415,53.24838055555555
./img_data/siirt 506.jpg,600,600,3,59.728724999999976,56.41944722222221,49.58430833333337
./img_data/siirt 507.jpg,600,600,3,51.863719444444456,47.930866666666695,42.41917777777778
./img_data/siirt 508.jpg,600,600,3,60.39377222222226,57.2835361111111,50.53401388888886
./img_data/siirt 509.jpg,600,600,3,53.58604999999998,51.25056944444447,46.057799999999986
./img_data/siirt 510.jpg,600,600,3,61.090130555555554,56.484513888888905,51.11723055555553
./img_data/siirt 511.jpg,600,600,3,54.030911111111095,48.94276388888889,42.493786111111106
./img_data/siirt 512.jpg,600,600,3,59.65003888888885,56.47490555555551,52.730422222222174
./img_data/siirt 513.jpg,600,600,3,52.667883333333336,49.69650555555555,45.960474999999974
./img_data/siirt 514.jpg,600,600,3,67.17396388888889,64.56372499999998,61.9823777777778
./img_data/siirt 515.jpg,600,600,3,50.15703055555556,50.425630555555536,50.35635000000002
./img_data/siirt 516.jpg,600,600,3,59.809086111111114,57.33137499999996,51.97180833333336
./img_data/siirt 517.jpg,600,600,3,53.82781666666667,49.11537222222222,42.47220555555554
./img_data/siirt 518.jpg,600,600,3,60.920758333333325,56.830330555555506,50.16879444444445
./img_data/siirt 519.jpg,600,600,3,52.20801944444443,45.65688333333328,42.87269722222219
./img_data/siirt 520.jpg,600,600,3,52.88700833333331,48.628608333333325,43.86052499999999
./img_data/siirt 522.jpg,600,600,3,49.723619444444424,47.387961111111125,43.04951388888888
./img_data/siirt 523.jpg,600,600,3,53.49427499999997,48.60693333333332,42.95910833333332
./img_data/siirt 524.jpg,600,600,3,58.36988611111113,54.53735000000005,48.14986388888889
./img_data/siirt 525.jpg,600,600,3,46.76226388888889,46.61148888888889,45.353783333333325
./img_data/siirt 526.jpg,600,600,3,59.36955833333341,56.20186111111109,53.88669444444441
./img_data/siirt 527.jpg,600,600,3,56.43476944444443,52.456544444444425,47.40003055555555
./img_data/siirt 528.jpg,600,600,3,55.323283333333386,50.056886111111105,42.16538888888892
./img_data/siirt 529.jpg,600,600,3,62.41324166666666,59.25212222222224,51.9434527777778
./img_data/siirt 530.jpg,600,600,3,46.71710555555555,43.13531388888889,39.855830555555556
./img_data/siirt 531.jpg,600,600,3,61.15030277777776,58.207708333333336,51.77373888888887
./img_data/siirt 532.jpg,600,600,3,60.47524166666671,59.02042222222222,54.97089722222222
./img_data/siirt 533.jpg,600,600,3,53.12692777777778,51.401388888888896,49.81341944444444
./img_data/siirt 534.jpg,600,600,3,62.60040277777783,59.02430555555552,52.76826111111109
./img_data/siirt 535.jpg,600,600,3,63.93134444444451,61.354258333333355,56.35924722222221
./img_data/siirt 536.jpg,600,600,3,49.98278611111111,46.592758333333315,41.72158055555554
./img_data/siirt 537.jpg,600,600,3,53.810641666666676,50.29686111111111,45.458061111111085
./img_data/siirt 538.jpg,600,600,3,53.16782222222218,50.67980833333333,46.94311666666665
./img_data/siirt 540.jpg,600,600,3,54.722527777777785,52.29092222222226,48.03418611111108
./img_data/siirt 541.jpg,600,600,3,55.12914166666667,52.15427500000002,47.85705277777781
./img_data/siirt 542.jpg,600,600,3,47.67023333333335,45.30426111111108,43.390772222222246
./img_data/siirt 543.jpg,600,600,3,58.11698611111116,54.05447222222219,48.65320277777772
./img_data/siirt 544.jpg,600,600,3,47.93139166666667,45.48021388888894,44.13578333333335
./img_data/siirt 545.jpg,600,600,3,51.040069444444434,50.98955555555556,49.27660000000002
./img_data/siirt 546.jpg,600,600,3,53.70482777777778,51.964155555555514,48.280525000000004
./img_data/siirt 547.jpg,600,600,3,49.338327777777785,46.8929111111111,42.63835000000004
./img_data/siirt 548.jpg,600,600,3,51.95015833333334,51.60420555555554,46.3314
./img_data/siirt 549.jpg,600,600,3,70.15392499999999,70.19963333333337,66.84608055555562
./img_data/siirt 550.jpg,600,600,3,53.99781666666668,51.24296111111114,46.51957222222221
./img_data/siirt 551.jpg,600,600,3,48.998902777777765,45.37747500000001,39.436591666666644
./img_data/siirt 552.jpg,600,600,3,54.21280555555559,50.77967777777776,46.898888888888884
./img_data/siirt 553.jpg,600,600,3,66.00923055555553,64.54979444444446,60.02432777777782
./img_data/siirt 554.jpg,600,600,3,49.30052222222225,46.26076111111109,42.128611111111105
./img_data/siirt 555.jpg,600,600,3,62.87969166666671,61.93323333333333,58.91455833333331
./img_data/siirt 556.jpg,600,600,3,54.78282222222223,51.930058333333385,47.90830833333337
./img_data/siirt 558.jpg,600,600,3,63.78928888888891,61.3003861111111,58.13913333333329
./img_data/siirt 559.jpg,600,600,3,48.8984888888889,45.79248055555559,41.17152777777779
./img_data/siirt 560.jpg,600,600,3,53.57774444444441,50.576594444444446,47.08742222222225
./img_data/siirt 561.jpg,600,600,3,61.9894861111111,57.32239722222221,50.98207499999994
./img_data/siirt 562.jpg,600,600,3,54.072677777777784,51.20216944444445,47.77374444444441
./img_data/siirt 563.jpg,600,600,3,61.73639166666668,60.564669444444405,55.170125000000006
./img_data/siirt 564.jpg,600,600,3,67.00778611111112,63.64667499999994,61.17863611111105
./img_data/siirt 565.jpg,600,600,3,54.24447777777777,50.52233888888892,46.042491666666656
./img_data/siirt 566.jpg,600,600,3,55.880191666666654,52.52593055555554,48.976458333333305
./img_data/siirt 567.jpg,600,600,3,51.36156111111109,49.62787499999999,49.20416944444446
./img_data/siirt 568.jpg,600,600,3,60.874602777777845,56.79778888888885,51.950002777777804
./img_data/siirt 569.jpg,600,600,3,55.520855555555535,52.18835277777773,47.9781388888889
./img_data/siirt 570.jpg,600,600,3,56.66020833333338,52.50658333333335,48.548308333333324
./img_data/siirt 571.jpg,600,600,3,61.68352500000001,60.352983333333334,56.50493611111111
./img_data/siirt 572.jpg,600,600,3,51.85594444444446,50.566591666666696,48.15690833333335
./img_data/siirt 573.jpg,600,600,3,54.73725277777778,52.622519444444386,50.88447222222222
./img_data/siirt 574.jpg,600,600,3,46.40972777777777,43.07666944444444,42.13114722222221
./img_data/siirt 576.jpg,600,600,3,60.03308611111109,58.38822499999997,56.17235555555555
./img_data/siirt 577.jpg,600,600,3,39.04701944444442,35.97355000000002,34.32648888888889
./img_data/siirt 578.jpg,600,600,3,46.14186388888888,44.6195611111111,42.49007499999998
./img_data/siirt 579.jpg,600,600,3,60.903886111111184,58.63067222222226,56.579066666666705
./img_data/siirt 580.jpg,600,600,3,57.062825000000025,55.276561111111114,50.01000277777776
./img_data/siirt 581.jpg,600,600,3,42.38679166666668,42.05141944444444,39.86172499999999
./img_data/siirt 582.jpg,600,600,3,59.33569999999996,57.23262499999999,52.77416111111112
./img_data/siirt 583.jpg,600,600,3,59.873313888888845,57.90108888888893,55.8557638888889
./img_data/siirt 584.jpg,600,600,3,43.014680555555586,40.19554444444442,38.18924999999999
./img_data/siirt 585.jpg,600,600,3,63.66410277777782,60.94234722222218,58.959130555555504
./img_data/siirt 586.jpg,600,600,3,56.51089444444447,54.28477500000006,51.49635555555557
./img_data/siirt 587.jpg,600,600,3,59.94501388888886,57.791200000000025,54.47718055555552
./img_data/siirt 588.jpg,600,600,3,50.9814222222222,47.51691666666664,44.14494166666669
./img_data/siirt 589.jpg,600,600,3,56.62745555555555,54.65285277777776,52.31060000000002
./img_data/siirt 590.jpg,600,600,3,55.48043055555554,53.750002777777745,49.0892111111111
./img_data/siirt 591.jpg,600,600,3,56.43792222222218,54.7349111111111,51.439133333333366
./img_data/siirt 592.jpg,600,600,3,41.61109722222225,38.51033333333336,35.75215833333334
./img_data/siirt 594.jpg,600,600,3,54.26631388888888,51.059063888888865,48.28238055555558
./img_data/siirt 595.jpg,600,600,3,59.7378944444444,59.405877777777825,54.413952777777794
./img_data/siirt 596.jpg,600,600,3,68.42636388888894,66.6215194444445,64.89184722222222
./img_data/siirt 597.jpg,600,600,3,52.29397777777779,51.712986111111114,49.91673611111109
./img_data/siirt 598.jpg,600,600,3,61.94042777777781,58.78084166666669,54.82970277777775
./img_data/siirt 599.jpg,600,600,3,52.472208333333356,51.19344166666665,50.10731111111109
./img_data/siirt 600.jpg,600,600,3,41.65593611111111,38.668169444444466,36.16161944444445
./img_data/siirt 601.jpg,600,600,3,56.10770555555553,53.297988888888916,52.79488333333334
./img_data/siirt 602.jpg,600,600,3,55.02843611111113,53.610524999999996,50.24677777777776
./img_data/siirt 603.jpg,600,600,3,64.44227777777778,62.68383888888889,62.246824999999966
./img_data/siirt 604.jpg,600,600,3,54.01980555555556,52.80968055555557,50.80621388888893
./img_data/siirt 605.jpg,600,600,3,48.464922222222214,45.008966666666645,40.43120277777775
./img_data/siirt 606.jpg,600,600,3,68.52794722222225,66.55904444444444,62.476275
./img_data/siirt 607.jpg,600,600,3,49.575349999999965,48.204525,45.761558333333326
./img_data/siirt 608.jpg,600,600,3,64.1981805555556,60.47133611111112,57.361725000000064
./img_data/siirt 609.jpg,600,600,3,50.41811666666667,48.04625555555555,44.64654444444443
./img_data/siirt 610.jpg,600,600,3,61.244125000000025,58.19326388888889,54.60926388888887
./img_data/siirt 612.jpg,600,600,3,61.35677222222216,56.48432222222223,51.28304166666668
./img_data/siirt 613.jpg,600,600,3,46.751802777777755,44.2300138888889,44.261502777777814
./img_data/siirt 614.jpg,600,600,3,55.31378333333334,52.55852222222222,50.052241666666674
./img_data/siirt 615.jpg,600,600,3,62.22504722222225,59.28179722222222,56.428886111111154
./img_data/siirt 616.jpg,600,600,3,61.95427777777779,61.29187777777772,59.82229166666669
./img_data/siirt 617.jpg,600,600,3,62.52164166666669,60.00539166666663,56.535447222222246
./img_data/siirt 618.jpg,600,600,3,51.23153888888888,48.918911111111086,47.187008333333345
./img_data/siirt 619.jpg,600,600,3,56.26826666666664,52.260722222222235,50.59414722222223
./img_data/siirt 620.jpg,600,600,3,61.71796944444438,57.755947222222204,54.20009166666668
./img_data/siirt 621.jpg,600,600,3,46.85537777777777,43.77439722222222,41.64257222222221
./img_data/siirt 622.jpg,600,600,3,68.3392,65.22098611111115,61.73316388888884
./img_data/siirt 623.jpg,600,600,3,45.75063888888887,43.736452777777735,40.295916666666685
./img_data/siirt 624.jpg,600,600,3,55.67149722222219,53.04386944444447,49.82115555555552
./img_data/siirt 625.jpg,600,600,3,51.36911666666667,49.18314166666668,46.58161944444441
./img_data/siirt 626.jpg,600,600,3,57.77128611111111,54.50714166666663,52.8732111111111
./img_data/siirt 627.jpg,600,600,3,60.365327777777786,57.792963888888856,54.44165833333335
./img_data/siirt 628.jpg,600,600,3,64.02861388888888,60.324280555555546,57.097150000000084
./img_data/siirt 630.jpg,600,600,3,57.32051666666666,56.213788888888864,50.65412777777778
./img_data/siirt 631.jpg,600,600,3,62.569366666666646,61.5607416666667,57.24537499999996
./img_data/siirt 632.jpg,600,600,3,45.629027777777765,44.8304888888889,40.98372222222222
./img_data/siirt 633.jpg,600,600,3,49.66358611111113,46.99154722222219,41.983700000000006
./img_data/siirt 634.jpg,600,600,3,47.258875000000046,46.746202777777775,46.093944444444425
./img_data/siirt 635.jpg,600,600,3,54.51435277777779,52.85170277777777,49.75551944444448
./img_data/siirt 636.jpg,600,600,3,54.45811944444443,52.372983333333345,48.412655555555496
./img_data/siirt 637.jpg,600,600,3,58.718133333333306,57.80925000000003,55.42102222222225
./img_data/siirt 638.jpg,600,600,3,43.33068055555556,43.06704166666669,42.73574444444445
./img_data/siirt 639.jpg,600,600,3,62.14331666666671,61.29840833333332,61.197155555555604
./img_data/siirt 640.jpg,600,600,3,49.60806388888892,46.359444444444435,42.12693888888891
./img_data/siirt 641.jpg,600,600,3,54.6715888888889,52.040475,50.73356388888892
./img_data/siirt 642.jpg,600,600,3,61.0476083333333,59.44744444444444,56.436791666666664
./img_data/siirt 643.jpg,600,600,3,49.36734722222224,47.34634999999999,43.362441666666676
./img_data/siirt 644.jpg,600,600,3,52.47849999999998,50.765097222222245,46.67572777777779
./img_data/siirt 645.jpg,600,600,3,45.65303888888888,44.68418055555555,42.10258333333334
./img_data/siirt 646.jpg,600,600,3,49.964111111111094,50.08667777777779,47.08170833333334
./img_data/siirt 648.jpg,600,600,3,55.982125,55.51015555555562,54.61189166666664
./img_data/siirt 649.jpg,600,600,3,48.00917777777778,46.454097222222224,43.24681111111109
./img_data/siirt 650.jpg,600,600,3,59.51876388888892,59.10382499999996,57.305327777777805
./img_data/siirt 651.jpg,600,600,3,57.57667777777772,54.26488888888889,49.808094444444436
./img_data/siirt 652.jpg,600,600,3,61.875127777777806,59.01228055555559,55.89195833333333
./img_data/siirt 653.jpg,600,600,3,64.92128055555558,60.20921111111113,59.1511666666667
./img_data/siirt 654.jpg,600,600,3,58.34839722222223,57.020583333333306,54.58189166666666
./img_data/siirt 655.jpg,600,600,3,48.65560833333333,46.01620833333331,43.62460833333332
./img_data/siirt 656.jpg,600,600,3,58.22221944444442,56.45403333333334,54.658555555555566
./img_data/siirt 657.jpg,600,600,3,57.54118888888889,56.58736944444446,49.642422222222265
./img_data/siirt 658.jpg,600,600,3,53.66406111111109,50.5071,47.27265555555555
./img_data/siirt 659.jpg,600,600,3,57.841825,54.984677777777776,50.890674999999966
./img_data/siirt 660.jpg,600,600,3,55.882827777777784,53.40386944444449,50.71004722222221
./img_data/siirt 661.jpg,600,600,3,47.7019,46.86357777777778,43.208102777777775
./img_data/siirt 662.jpg,600,600,3,58.10702499999997,55.70360277777773,51.91431666666665
./img_data/siirt 663.jpg,600,600,3,49.25470555555555,46.75478611111112,43.35374999999999
./img_data/siirt 664.jpg,600,600,3,56.89050833333338,54.59253611111113,51.81555555555553
./img_data/siirt 666.jpg,600,600,3,53.89913888888889,53.24651111111111,51.55476666666669
./img_data/siirt 667.jpg,600,600,3,50.85648055555555,48.162961111111116,45.879641666666664
./img_data/siirt 668.jpg,600,600,3,45.96598333333332,43.982233333333355,44.659425000000006
./img_data/siirt 669.jpg,600,600,3,64.12993611111112,63.184513888888844,60.66917222222227
./img_data/siirt 670.jpg,600,600,3,55.941088888888906,52.91480277777776,51.4512861111111
./img_data/siirt 671.jpg,600,600,3,62.48635833333335,60.7124777777778,55.34402777777786
./img_data/siirt 672.jpg,600,600,3,65.70465555555552,64.63196666666663,62.80632222222227
./img_data/siirt 673.jpg,600,600,3,50.90953888888888,47.86188333333334,44.30380277777775
./img_data/siirt 674.jpg,600,600,3,66.73165555555552,63.47639444444447,59.54396944444441
./img_data/siirt 675.jpg,600,600,3,69.30835833333327,66.24788888888885,65.0045583333333
./img_data/siirt 676.jpg,600,600,3,57.70121111111108,56.437638888888884,53.16679722222225
./img_data/siirt 677.jpg,600,600,3,67.96823888888888,65.04753888888888,61.68311944444442
./img_data/siirt 678.jpg,600,600,3,52.74471944444446,50.44299166666667,49.158780555555516
./img_data/siirt 679.jpg,600,600,3,56.69905277777784,54.59986388888891,53.30256666666661
./img_data/siirt 680.jpg,600,600,3,52.0599472222222,51.634547222222196,50.55955000000001
./img_data/siirt 681.jpg,600,600,3,51.84632222222218,50.720758333333336,50.60834444444447
./img_data/siirt 682.jpg,600,600,3,68.04728055555552,64.9252166666667,62.78187222222224
./img_data/siirt 684.jpg,600,600,3,54.1301416666667,52.400863888888864,50.459194444444435
./img_data/siirt 685.jpg,600,600,3,50.187963888888895,46.95635833333329,44.928411111111096
./img_data/siirt 686.jpg,600,600,3,46.36560555555554,43.99242777777777,40.842055555555575
./img_data/siirt 687.jpg,600,600,3,62.24413611111109,59.98547777777784,57.14919722222217
./img_data/siirt 688.jpg,600,600,3,63.03455833333331,62.40131388888885,60.767494444444466
./img_data/siirt 689.jpg,600,600,3,64.1654861111111,62.17639444444445,59.108425000000004
./img_data/siirt 690.jpg,600,600,3,48.76438888888893,46.33709999999998,42.95852777777781
./img_data/siirt 691.jpg,600,600,3,65.91007777777776,63.16827222222221,58.48283611111108
./img_data/siirt 692.jpg,600,600,3,51.42356944444443,50.87968888888889,48.7977972222222
./img_data/siirt 693.jpg,600,600,3,56.411713888888904,53.806155555555534,48.93240277777777
./img_data/siirt 694.jpg,600,600,3,53.849158333333335,51.26198888888885,49.87786111111111
./img_data/siirt 695.jpg,600,600,3,54.98905833333333,54.57323055555554,52.5278944444445
./img_data/siirt 696.jpg,600,600,3,52.24271944444447,50.726238888888936,47.0228083333333
./img_data/siirt 697.jpg,600,600,3,50.967805555555564,50.90250833333333,49.01333333333335
./img_data/siirt 698.jpg,600,600,3,55.28591388888888,53.1325527777778,51.242177777777805
./img_data/siirt 699.jpg,600,600,3,52.884316666666656,49.99410833333336,48.0924527777778
./img_data/siirt 700.jpg,600,600,3,48.800913888888836,47.943080555555525,46.20563611111109
./img_data/siirt 702.jpg,600,600,3,59.80708055555556,59.05079444444445,55.55914166666668
./img_data/siirt 703.jpg,600,600,3,48.82234999999995,47.40718055555556,44.96259166666665
./img_data/siirt 704.jpg,600,600,3,50.64648888888891,48.10375833333333,47.78632499999997
./img_data/siirt 705.jpg,600,600,3,57.58526666666665,55.20190277777778,51.44311944444447
./img_data/siirt 706.jpg,600,600,3,60.157494444444445,57.405069444444415,54.13211944444444
./img_data/siirt 707.jpg,600,600,3,58.993619444444434,58.14597499999997,55.7812916666667
./img_data/siirt 708.jpg,600,600,3,49.07635277777778,46.84962222222227,45.34286944444445
./img_data/siirt 709.jpg,600,600,3,55.5131722222222,55.191491666666664,50.23155833333334
./img_data/siirt 710.jpg,600,600,3,54.640149999999984,53.760155555555535,49.80606944444442
./img_data/siirt 711.jpg,600,600,3,53.146166666666666,50.60469722222224,48.01718888888887
./img_data/siirt 712.jpg,600,600,3,66.36653611111115,65.39619999999996,61.98872500000004
./img_data/siirt 713.jpg,600,600,3,47.27584166666671,45.63834722222225,44.08529166666666
./img_data/siirt 714.jpg,600,600,3,61.46729166666674,58.76393888888893,56.245449999999984
./img_data/siirt 715.jpg,600,600,3,52.903475000000014,50.58503333333331,48.5752416666667
./img_data/siirt 716.jpg,600,600,3,58.05843333333329,55.80368888888893,54.580741666666675
./img_data/siirt 717.jpg,600,600,3,57.30067222222226,55.45633055555553,53.70452222222223
./img_data/siirt 718.jpg,600,600,3,43.70311666666667,41.88079444444443,38.21226944444447
./img_data/siirt 413.jpg,600,600,3,52.90539444444442,48.33994166666665,45.30238055555559
./img_data/siirt 431.jpg,600,600,3,58.290241666666624,56.945444444444426,53.82256944444446
./img_data/siirt 449.jpg,600,600,3,60.74756944444443,58.35557500000002,55.97975833333335
./img_data/siirt 467.jpg,600,600,3,52.51230555555554,51.28321111111113,48.362672222222216
./img_data/siirt 485.jpg,600,600,3,62.217963888888896,58.871227777777776,55.46146111111109
./img_data/siirt 503.jpg,600,600,3,62.43346388888892,60.74852777777776,60.054677777777776
./img_data/siirt 521.jpg,600,600,3,65.69718888888892,63.49911111111109,56.766222222222254
./img_data/siirt 539.jpg,600,600,3,57.93459999999995,55.28761666666665,52.55748611111115
./img_data/siirt 557.jpg,600,600,3,54.64560555555558,51.25282499999999,47.8620638888889
./img_data/siirt 575.jpg,600,600,3,62.83715833333332,60.16718055555552,57.646233333333306
./img_data/siirt 593.jpg,600,600,3,56.60380000000005,55.24070277777779,52.59096944444447
./img_data/siirt 611.jpg,600,600,3,52.28665000000003,48.50216944444444,43.03912499999996
./img_data/siirt 629.jpg,600,600,3,49.758477777777806,46.78581944444442,44.52085277777779
./img_data/siirt 647.jpg,600,600,3,53.84191944444444,53.26419722222223,50.803719444444475
./img_data/siirt 665.jpg,600,600,3,62.049074999999974,59.00364166666671,53.103380555555574
./img_data/siirt 683.jpg,600,600,3,69.66910277777778,67.38060833333326,61.639311111111105
./img_data/siirt 701.jpg,600,600,3,54.169663888888834,53.38367222222225,51.504150000000024
./img_data/siirt 719.jpg,600,600,3,67.15364444444437,64.34289166666666,63.24446666666668
./img_data/siirt 737.jpg,600,600,3,51.49980277777776,47.98947500000004,45.96543888888892
./img_data/siirt 755.jpg,600,600,3,56.96755833333335,54.78342777777781,50.71902499999998
./img_data/siirt 773.jpg,600,600,3,62.54283333333333,61.47837222222219,58.962408333333336
./img_data/siirt 791.jpg,600,600,3,53.94217777777775,51.8042222222222,48.89118611111112
./img_data/siirt 809.jpg,600,600,3,55.48813333333333,53.42709444444442,48.94452499999998
./img_data/siirt 827.jpg,600,600,3,60.73472500000001,59.545188888888894,55.23922777777779
./img_data/siirt 845.jpg,600,600,3,54.955188888888856,51.8801888888889,49.370275000000014
./img_data/siirt 720.jpg,600,600,3,63.87182777777779,62.6139444444445,59.753761111111174
./img_data/siirt 721.jpg,600,600,3,54.32048888888889,52.568877777777764,49.11472499999999
./img_data/siirt 722.jpg,600,600,3,62.040566666666706,58.98321111111113,54.49705555555556
./img_data/siirt 723.jpg,600,600,3,68.4033833333334,66.25653055555551,63.03356111111106
./img_data/siirt 724.jpg,600,600,3,48.0703388888889,45.529575,42.13531388888885
./img_data/siirt 725.jpg,600,600,3,62.27405555555557,59.94311388888894,57.43954722222228
./img_data/siirt 726.jpg,600,600,3,63.36236111111117,62.06022499999999,59.157355555555526
./img_data/siirt 727.jpg,600,600,3,55.03345277777778,52.95379166666664,49.52403333333327
./img_data/siirt 728.jpg,600,600,3,54.201577777777764,51.1788027777778,47.61489444444446
./img_data/siirt 729.jpg,600,600,3,66.95804444444444,64.9900805555555,63.46315555555553
./img_data/siirt 730.jpg,600,600,3,56.276305555555545,53.158061111111174,48.92322499999998
./img_data/siirt 731.jpg,600,600,3,51.873358333333336,48.77352777777777,46.99858055555555
./img_data/siirt 732.jpg,600,600,3,54.44094722222224,53.15275555555552,50.6189222222222
./img_data/siirt 733.jpg,600,600,3,66.09092500000004,63.83698888888883,59.54738611111113
./img_data/siirt 734.jpg,600,600,3,51.333563888888854,48.664788888888886,44.94869166666669
./img_data/siirt 735.jpg,600,600,3,57.59483611111106,54.406333333333365,50.99445277777776
./img_data/siirt 736.jpg,600,600,3,63.870091666666646,60.463697222222194,57.502430555555534
./img_data/siirt 738.jpg,600,600,3,49.87103333333335,48.75843888888888,47.92593611111111
./img_data/siirt 739.jpg,600,600,3,52.55247222222223,51.77735833333333,48.67181944444444
./img_data/siirt 740.jpg,600,600,3,64.55259444444441,63.77218055555556,60.06826388888894
./img_data/siirt 741.jpg,600,600,3,53.081016666666656,49.98406111111111,49.33059166666665
./img_data/siirt 742.jpg,600,600,3,49.1719472222222,47.590961111111135,43.682491666666664
./img_data/siirt 743.jpg,600,600,3,57.92554166666661,58.60673333333329,59.9452083333334
./img_data/siirt 744.jpg,600,600,3,59.85596666666666,57.369466666666725,53.54415555555555
./img_data/siirt 745.jpg,600,600,3,54.915150000000004,51.89345833333331,47.59082500000002
./img_data/siirt 746.jpg,600,600,3,44.262636111111114,42.54304166666666,39.69924166666663
./img_data/siirt 747.jpg,600,600,3,54.39541944444444,52.85973333333337,49.31115833333333
./img_data/siirt 748.jpg,600,600,3,54.02341111111114,53.271383333333354,48.18745555555553
./img_data/siirt 749.jpg,600,600,3,55.99047777777778,52.77775277777778,50.959988888888894
./img_data/siirt 750.jpg,600,600,3,67.59528611111115,64.14354444444443,59.5957027777778
./img_data/siirt 751.jpg,600,600,3,64.85749444444441,61.09586666666669,55.976261111111114
./img_data/siirt 752.jpg,600,600,3,54.34737222222218,52.37277222222219,50.72254722222218
./img_data/siirt 753.jpg,600,600,3,59.19239722222224,55.37231944444443,51.97328611111111
./img_data/siirt 754.jpg,600,600,3,64.97734999999999,64.53017777777777,59.96523888888891
./img_data/siirt 756.jpg,600,600,3,61.24902499999999,60.912141666666614,56.2895
./img_data/siirt 757.jpg,600,600,3,61.15074999999996,57.503852777777794,56.473141666666706
./img_data/siirt 758.jpg,600,600,3,57.57977500000003,55.222994444444474,53.292680555555556
./img_data/siirt 759.jpg,600,600,3,69.18920000000001,66.16857222222225,58.6385472222222
./img_data/siirt 760.jpg,600,600,3,65.9195666666666,63.79830555555559,62.126780555555584
./img_data/siirt 761.jpg,600,600,3,58.28413611111109,55.782711111111105,53.74133333333332
./img_data/siirt 762.jpg,600,600,3,54.40549999999997,52.09920555555557,47.7565083333333
./img_data/siirt 763.jpg,600,600,3,71.16043055555552,68.16946666666672,66.11401944444451
./img_data/siirt 764.jpg,600,600,3,54.31415277777778,51.680708333333364,46.43976111111112
./img_data/siirt 765.jpg,600,600,3,54.7170277777778,51.02488333333335,48.442550000000026
./img_data/siirt 766.jpg,600,600,3,56.00928333333334,52.37556388888892,50.83043333333331
./img_data/siirt 767.jpg,600,600,3,62.644747222222236,58.90254722222221,54.95406944444444
./img_data/siirt 768.jpg,600,600,3,57.72013055555554,54.25230000000002,49.09824444444444
./img_data/siirt 769.jpg,600,600,3,64.25082777777776,62.002108333333396,59.81766944444445
./img_data/siirt 770.jpg,600,600,3,58.93682777777777,56.33802222222224,52.81543055555558
./img_data/siirt 771.jpg,600,600,3,54.85683611111109,51.384375,49.520997222222235
./img_data/siirt 772.jpg,600,600,3,51.507622222222224,49.81146944444444,49.088880555555505
./img_data/siirt 774.jpg,600,600,3,53.662802777777735,53.747352777777756,53.65131388888893
./img_data/siirt 775.jpg,600,600,3,60.62022222222222,59.03667500000006,54.77365555555555
./img_data/siirt 776.jpg,600,600,3,55.73487777777781,53.24061944444444,49.81181944444444
./img_data/siirt 777.jpg,600,600,3,60.39720555555552,57.52654722222221,55.44623055555552
./img_data/siirt 778.jpg,600,600,3,74.21394166666666,72.42755833333331,67.26139722222223
./img_data/siirt 779.jpg,600,600,3,51.267366666666675,49.124930555555586,47.14485277777779
./img_data/siirt 780.jpg,600,600,3,56.604375,55.62177499999999,51.51064722222225
./img_data/siirt 781.jpg,600,600,3,54.65426388888894,51.025847222222254,47.588969444444466
./img_data/siirt 782.jpg,600,600,3,63.563805555555554,61.65160277777776,58.39362499999994
./img_data/siirt 783.jpg,600,600,3,62.636155555555526,60.27048888888884,57.97086944444448
./img_data/siirt 784.jpg,600,600,3,61.40758611111107,59.3534861111111,53.83708055555556
./img_data/siirt 785.jpg,600,600,3,56.45455555555555,53.98973333333335,51.20085277777777
./img_data/siirt 786.jpg,600,600,3,53.90688611111109,53.44437222222222,46.43111388888889
./img_data/siirt 787.jpg,600,600,3,41.783161111111106,37.76566388888889,33.72163055555554
./img_data/siirt 788.jpg,600,600,3,49.2355361111111,46.74229722222222,45.17087777777779
./img_data/siirt 789.jpg,600,600,3,68.25413611111111,65.17761944444442,62.74924722222223
./img_data/siirt 790.jpg,600,600,3,53.63571388888886,51.24366666666663,47.71514444444444
./img_data/siirt 792.jpg,600,600,3,53.69034722222223,50.56415277777779,46.42130555555557
./img_data/siirt 793.jpg,600,600,3,52.41556111111112,52.84158055555557,50.8218833333333
./img_data/siirt 794.jpg,600,600,3,53.22351944444445,52.27948333333335,49.189824999999985
./img_data/siirt 795.jpg,600,600,3,50.455338888888875,48.36408888888888,44.38606388888889
./img_data/siirt 796.jpg,600,600,3,49.357594444444466,46.965149999999994,44.07088611111114
./img_data/siirt 797.jpg,600,600,3,72.64347777777775,67.34083055555554,64.90091111111114
./img_data/siirt 798.jpg,600,600,3,64.32417777777775,60.18082777777774,55.81085
./img_data/siirt 799.jpg,600,600,3,62.61103333333339,61.285186111111145,58.71673611111111
./img_data/siirt 800.jpg,600,600,3,58.30574444444445,54.93710277777777,51.43453333333338
./img_data/siirt 801.jpg,600,600,3,54.598377777777785,51.254063888888844,49.31595000000001
./img_data/siirt 802.jpg,600,600,3,66.23058888888887,65.03250000000003,62.48884722222225
./img_data/siirt 803.jpg,600,600,3,61.08560833333332,59.39011388888892,55.370661111111055
./img_data/siirt 804.jpg,600,600,3,63.627663888888904,62.2309000000001,56.92676944444451
./img_data/siirt 805.jpg,600,600,3,56.5812861111111,55.1463611111111,52.88642777777784
./img_data/siirt 806.jpg,600,600,3,56.899686111111116,53.08328333333336,49.4990722222222
./img_data/siirt 807.jpg,600,600,3,58.399811111111084,56.49383611111114,54.28752499999997
./img_data/siirt 808.jpg,600,600,3,51.03381388888887,48.73943611111109,46.309383333333344
./img_data/siirt 810.jpg,600,600,3,47.803205555555586,47.29793888888887,44.175933333333376
./img_data/siirt 811.jpg,600,600,3,68.5243805555556,65.20144722222223,59.33692500000001
./img_data/siirt 812.jpg,600,600,3,50.764574999999965,48.13420555555557,46.64598055555558
./img_data/siirt 813.jpg,600,600,3,55.938552777777794,54.42006944444443,50.932177777777746
./img_data/siirt 814.jpg,600,600,3,55.80998333333331,52.56325277777778,50.98030555555555
./img_data/siirt 815.jpg,600,600,3,64.80251388888888,60.64371666666667,54.9803361111111
./img_data/siirt 816.jpg,600,600,3,66.69965555555561,64.13859722222213,57.512966666666735
./img_data/siirt 817.jpg,600,600,3,66.52461111111117,63.14527500000001,58.01036944444443
./img_data/siirt 818.jpg,600,600,3,49.448975000000004,47.217438888888886,43.48732777777777
./img_data/siirt 819.jpg,600,600,3,56.400694444444454,52.45549999999997,50.047024999999984
./img_data/siirt 820.jpg,600,600,3,59.217252777777794,56.566249999999975,53.4645972222222
./img_data/siirt 821.jpg,600,600,3,51.38523055555559,48.38465833333333,44.3259777777778
./img_data/siirt 822.jpg,600,600,3,47.08959444444441,45.38525,42.371377777777774
./img_data/siirt 823.jpg,600,600,3,57.285944444444404,54.21542222222225,50.77086944444447
./img_data/siirt 824.jpg,600,600,3,54.65765277777777,52.48628055555557,52.309008333333274
./img_data/siirt 825.jpg,600,600,3,51.09783888888892,48.31149722222217,44.64898611111115
./img_data/siirt 826.jpg,600,600,3,51.917127777777786,50.035888888888884,44.6335416666667
./img_data/siirt 828.jpg,600,600,3,67.24189722222224,63.58773611111109,57.99022777777779
./img_data/siirt 829.jpg,600,600,3,58.18362499999999,56.145066666666644,52.87698888888886
./img_data/siirt 830.jpg,600,600,3,56.47630833333334,53.58337777777777,49.23599722222223
./img_data/siirt 831.jpg,600,600,3,67.39159722222226,65.44808333333336,61.42528611111113
./img_data/siirt 832.jpg,600,600,3,56.701358333333324,53.618166666666696,52.80517222222222
./img_data/siirt 833.jpg,600,600,3,61.65029166666666,59.87604444444446,54.99766944444443
./img_data/siirt 834.jpg,600,600,3,56.16155277777782,52.67473055555555,48.154197222222216
./img_data/siirt 835.jpg,600,600,3,54.6391472222222,51.332402777777766,44.74968611111111
./img_data/siirt 836.jpg,600,600,3,56.71906666666667,53.54188055555557,50.20800833333335
./img_data/siirt 837.jpg,600,600,3,52.92090555555558,49.75655277777778,45.63239722222222
./img_data/siirt 838.jpg,600,600,3,63.173341666666666,61.48045000000002,56.775041666666645
./img_data/siirt 839.jpg,600,600,3,69.39763888888892,64.46753333333332,60.53918055555554
./img_data/siirt 840.jpg,600,600,3,59.75436944444436,59.29090555555555,55.54138333333335
./img_data/siirt 841.jpg,600,600,3,63.047116666666696,60.981658333333336,56.692944444444485
./img_data/siirt 842.jpg,600,600,3,57.24667777777778,55.330127777777804,51.46488611111111
./img_data/siirt 843.jpg,600,600,3,54.47144722222221,50.74604444444447,46.60181944444445
./img_data/siirt 844.jpg,600,600,3,48.00428888888889,46.24206111111109,43.56781944444447
./img_data/siirt 846.jpg,600,600,3,55.11556111111113,54.458241666666666,51.19619444444444
./img_data/siirt 847.jpg,600,600,3,51.24640833333334,51.38309166666668,49.68519444444443
./img_data/siirt 848.jpg,600,600,3,56.37384722222224,54.52051666666664,49.82965277777779
./img_data/siirt 849.jpg,600,600,3,57.77914166666668,58.48073333333335,57.40723888888887
./img_data/siirt 850.jpg,600,600,3,56.8561888888889,55.71339722222224,53.05913055555556
./img_data/siirt 851.jpg,600,600,3,52.004397222222266,49.84520555555556,46.536591666666666
./img_data/siirt 852.jpg,600,600,3,55.265019444444455,52.61988055555561,48.46614166666666
./img_data/siirt 853.jpg,600,600,3,57.43507500000002,54.59955277777778,51.24575833333333
./img_data/siirt 854.jpg,600,600,3,62.99761388888887,59.091191666666674,55.639369444444405
./img_data/siirt 855.jpg,600,600,3,61.5545583333334,58.60239166666664,53.6351222222222
./img_data/siirt 856.jpg,600,600,3,54.99001666666667,53.840866666666706,49.46679722222222
./img_data/siirt 857.jpg,600,600,3,66.90516944444444,63.33667222222218,57.66618055555557
./img_data/siirt 858.jpg,600,600,3,55.597102777777835,53.60390833333335,50.999344444444425
./img_data/siirt 859.jpg,600,600,3,55.787233333333354,51.483575,49.9809138888889
./img_data/siirt 860.jpg,600,600,3,61.80752777777771,59.944650000000024,56.06145833333335
./img_data/siirt 861.jpg,600,600,3,57.71582777777776,54.39601666666665,52.3361888888889
./img_data/siirt 862.jpg,600,600,3,55.33678611111112,52.12860555555555,49.15111944444443
./img_data/siirt 863.jpg,600,600,3,66.87822499999999,61.0146,54.399752777777785
./img_data/siirt 864.jpg,600,600,3,59.78780555555559,56.58195000000005,54.225488888888876
./img_data/siirt 865.jpg,600,600,3,49.1026472222222,45.93676666666668,40.722199999999994
./img_data/siirt 866.jpg,600,600,3,62.07993055555555,60.5051944444445,59.27035277777776
